,Fecha,Valor,Year,Month,Quarter,Lag_1,Lag_3,Lag_6,Rolling_Mean_3,Rolling_Std_3
6,1943-08-31,1.0,1943,8,3,-5.6,-0.9,-0.6,-1.5,3.5791060336346554
7,1943-09-30,-0.9,1943,9,3,1.0,0.1,1.6,-1.8333333333333337,3.3975481355432375
8,1943-10-31,1.0,1943,10,4,-0.9,-5.6,0.7,0.3666666666666664,1.0969655114602863
9,1943-11-30,0.0,1943,11,4,1.0,1.0,-0.9,0.03333333333333307,0.950438495292214
10,1943-12-31,-0.3,1943,12,4,0.0,-0.9,0.1,0.2333333333333331,0.6806859285554003
11,1944-01-31,0.7,1944,1,1,-0.3,1.0,-5.6,0.13333333333333308,0.5131601439446829
12,1944-02-29,0.2,1944,2,1,0.7,0.0,1.0,0.19999999999999973,0.4999999999999942
13,1944-03-31,0.6,1944,3,1,0.2,-0.3,-0.9,0.4999999999999998,0.2645751311064472
14,1944-04-30,-1.1,1944,4,2,0.6,0.7,1.0,-0.10000000000000024,0.888819441731556
15,1944-05-31,-0.4,1944,5,2,-1.1,0.2,0.0,-0.3000000000000002,0.8544003745317503
16,1944-06-30,1.8,1944,6,2,-0.4,0.6,-0.3,0.09999999999999971,1.5132745950421538
17,1944-07-31,-0.1,1944,7,3,1.8,-1.1,0.7,0.43333333333333307,1.1930353445448827
18,1944-08-31,1.4,1944,8,3,-0.1,-0.4,0.2,1.033333333333333,1.0016652800877777
19,1944-09-30,-0.2,1944,9,3,1.4,1.8,0.6,0.3666666666666663,0.8962886439832467
20,1944-10-31,0.7,1944,10,4,-0.2,-0.1,-1.1,0.633333333333333,0.8020806277010603
21,1944-11-30,0.0,1944,11,4,0.7,1.4,-0.4,0.16666666666666638,0.4725815626252548
22,1944-12-31,0.2,1944,12,4,0.0,-0.2,1.8,0.29999999999999966,0.3605551275463907
23,1945-01-31,7.8,1945,1,1,0.2,0.7,-0.1,2.6666666666666665,4.44672163884061
24,1945-02-28,1.9,1945,2,1,7.8,0.0,1.4,3.2999999999999994,3.9887341350358247
25,1945-03-31,7.5,1945,3,1,1.9,0.2,-0.2,5.733333333333333,3.3231511150312314
26,1945-04-30,0.1,1945,4,2,7.5,7.8,0.7,3.166666666666666,3.8591881702416795
27,1945-05-31,0.3,1945,5,2,0.1,1.9,0.0,2.633333333333333,4.215843134336633
28,1945-06-30,0.1,1945,6,2,0.3,7.5,0.2,0.16666666666666607,0.11547005383791674
29,1945-07-31,1.2,1945,7,3,0.1,0.1,7.8,0.5333333333333328,0.5859465277082294
30,1945-08-31,-0.9,1945,8,3,1.2,0.3,1.9,0.13333333333333267,1.0503967504392477
31,1945-09-30,0.6,1945,9,3,-0.9,0.1,7.5,0.2999999999999993,1.0816653826391958
32,1945-10-31,0.1,1945,10,4,0.6,1.2,0.1,-0.0666666666666673,0.7637626158259722
33,1945-11-30,0.2,1945,11,4,0.1,-0.9,0.3,0.2999999999999994,0.26457513110645475
34,1945-12-31,2.2,1945,12,4,0.2,0.6,0.1,0.8333333333333327,1.1846237095944563
35,1946-01-31,7.0,1946,1,1,2.2,0.1,1.2,3.133333333333333,3.4947579792216406
36,1946-02-28,0.2,1946,2,1,7.0,0.2,-0.9,3.133333333333333,3.4947579792216406
37,1946-03-31,2.9,1946,3,1,0.2,2.2,0.6,3.366666666666666,3.4239353576452527
38,1946-04-30,1.7,1946,4,2,2.9,7.0,0.1,1.5999999999999994,1.3527749258468662
39,1946-05-31,-0.3,1946,5,2,1.7,0.2,0.2,1.4333333333333327,1.6165807537309504
40,1946-06-30,1.7,1946,6,2,-0.3,2.9,2.2,1.0333333333333325,1.1547005383792497
41,1946-07-31,0.2,1946,7,3,1.7,1.7,7.0,0.5333333333333327,1.0408329997330648
42,1946-08-31,-0.7,1946,8,3,0.2,-0.3,0.2,0.3999999999999994,1.2124355652982126
43,1946-09-30,0.1,1946,9,3,-0.7,1.7,2.9,-0.13333333333333394,0.4932882862316224
44,1946-10-31,2.5,1946,10,4,0.1,0.2,1.7,0.6333333333333327,1.6653327995729053
45,1946-11-30,0.4,1946,11,4,2.5,-0.7,-0.3,0.9999999999999992,1.3076696830622005
46,1946-12-31,1.7,1946,12,4,0.4,0.1,1.7,1.5333333333333325,1.0598742063723074
47,1947-01-31,-0.9,1947,1,1,1.7,2.5,0.2,0.39999999999999947,1.2999999999999987
48,1947-02-28,0.7,1947,2,1,-0.9,0.4,-0.7,0.4999999999999994,1.3114877048603988
49,1947-03-31,6.1,1947,3,1,0.7,1.7,0.1,1.966666666666666,3.667878587594378
50,1947-04-30,0.1,1947,4,2,6.1,-0.9,2.5,2.2999999999999994,3.30454232837166
51,1947-05-31,0.1,1947,5,2,0.1,0.7,0.4,2.099999999999999,3.464101615137754
52,1947-06-30,4.7,1947,6,2,0.1,6.1,1.7,1.6333333333333329,2.6558112382722783
53,1947-07-31,-1.1,1947,7,3,4.7,0.1,-0.9,1.233333333333333,3.0615900008546753
54,1947-08-31,0.9,1947,8,3,-1.1,0.1,0.7,1.4999999999999993,2.9461839725312466
55,1947-09-30,0.1,1947,9,3,0.9,4.7,6.1,-0.033333333333333943,1.006644591369432
56,1947-10-31,-0.5,1947,10,4,0.1,-1.1,0.1,0.16666666666666607,0.7023769168568471
57,1947-11-30,0.9,1947,11,4,-0.5,0.9,0.1,0.16666666666666607,0.7023769168568471
58,1947-12-31,3.2,1947,12,4,0.9,0.1,4.7,1.1999999999999995,1.8681541692269394
59,1948-01-31,-1.6,1948,1,1,3.2,-0.5,-1.1,0.8333333333333326,2.400694344004111
60,1948-02-29,-0.3,1948,2,1,-1.6,0.9,0.9,0.43333333333333274,2.48260615751539
61,1948-03-31,1.8,1948,3,1,-0.3,3.2,0.1,-0.03333333333333396,1.7156145643277017
62,1948-04-30,0.6,1948,4,2,1.8,-1.6,-0.5,0.6999999999999994,1.0535653752852718
63,1948-05-31,2.5,1948,5,2,0.6,-0.3,0.9,1.6333333333333329,0.9609023536933026
64,1948-06-30,2.9,1948,6,2,2.5,1.8,3.2,1.9999999999999993,1.2288205727444488
65,1948-07-31,-0.2,1948,7,3,2.9,0.6,-1.6,1.7333333333333327,1.686218649325564
66,1948-08-31,2.1,1948,8,3,-0.2,2.5,-0.3,1.5999999999999994,1.6093476939431068
67,1948-09-30,4.1,1948,9,3,2.1,2.9,1.8,1.9999999999999993,2.1517434791350003
68,1948-10-31,0.3,1948,10,4,4.1,-0.2,0.6,2.166666666666666,1.9008769905844323
69,1948-11-30,0.2,1948,11,4,0.3,2.1,2.5,1.533333333333333,2.2233608194203045
70,1948-12-31,5.3,1948,12,4,0.2,4.1,2.9,1.933333333333333,2.9160475533388217
71,1949-01-31,0.5,1949,1,1,5.3,0.3,-0.2,1.9999999999999998,2.861817604250836
72,1949-02-28,-0.3,1949,2,1,0.5,0.2,2.1,1.833333333333333,3.028751117760145
73,1949-03-31,6.8,1949,3,1,-0.3,5.3,4.1,2.333333333333333,3.8888730158406215
74,1949-04-30,4.9,1949,4,2,6.8,0.5,0.3,3.7999999999999994,3.675595189897821
75,1949-05-31,2.9,1949,5,2,4.9,-0.3,0.2,4.866666666666666,1.9502136635080096
76,1949-06-30,1.2,1949,6,2,2.9,6.8,5.3,3.0,1.8520259177452125
77,1949-07-31,1.9,1949,7,3,1.2,4.9,0.5,1.9999999999999998,0.8544003745317498
78,1949-08-31,1.7,1949,8,3,1.9,2.9,-0.3,1.5999999999999996,0.36055512754638963
79,1949-09-30,1.6,1949,9,3,1.7,1.2,6.8,1.7333333333333332,0.15275252316517363
80,1949-10-31,2.7,1949,10,4,1.6,1.9,4.9,2.0,0.6082762530298172
81,1949-11-30,3.2,1949,11,4,2.7,1.7,2.9,2.5,0.8185352771872421
82,1949-12-31,2.4,1949,12,4,3.2,1.6,1.2,2.766666666666667,0.40414518843273284
83,1950-01-31,-1.8,1950,1,1,2.4,2.7,1.9,1.2666666666666664,2.6857649437978233
84,1950-02-28,2.6,1950,2,1,-1.8,3.2,1.7,1.0666666666666662,2.4846193538112282
85,1950-03-31,0.0,1950,3,1,2.6,2.4,1.6,0.26666666666666633,2.2120880030716052
86,1950-04-30,2.2,1950,4,2,0.0,-1.8,2.7,1.5999999999999996,1.3999999999999975
87,1950-05-31,4.8,1950,5,2,2.2,2.6,3.2,2.333333333333333,2.4027761721253453
88,1950-06-30,2.9,1950,6,2,4.8,0.0,2.4,3.2999999999999994,1.3453624047073702
89,1950-07-31,0.0,1950,7,3,2.9,2.2,-1.8,2.5666666666666664,2.4172987679087847
90,1950-08-31,0.2,1950,8,3,0.0,4.8,2.6,1.033333333333333,1.6196707484341764
91,1950-09-30,4.0,1950,9,3,0.2,2.9,0.0,1.3999999999999997,2.2538855339169275
92,1950-10-31,3.8,1950,10,4,4.0,0.0,2.2,2.6666666666666665,2.1385353243127243
93,1950-11-30,-0.2,1950,11,4,3.8,0.2,4.8,2.5333333333333328,2.3692474191889143
94,1950-12-31,2.0,1950,12,4,-0.2,4.0,2.9,1.8666666666666663,2.003330560175561
95,1951-01-31,-1.0,1951,1,1,2.0,3.8,0.0,0.26666666666666633,1.5534906930308028
96,1951-02-28,2.9,1951,2,1,-1.0,-0.2,0.2,1.2999999999999996,2.0420577856662123
97,1951-03-31,0.3,1951,3,1,2.9,2.0,4.0,0.733333333333333,1.9857828011475287
98,1951-04-30,9.0,1951,4,2,0.3,-1.0,3.8,4.066666666666666,4.46579593503032
99,1951-05-31,7.5,1951,5,2,9.0,2.9,-0.2,5.599999999999999,4.6508063816933936
100,1951-06-30,3.3,1951,6,2,7.5,0.3,2.0,6.599999999999999,2.9546573405388314
101,1951-07-31,0.8,1951,7,3,3.3,9.0,-1.0,3.8666666666666667,3.3857544703261238
102,1951-08-31,9.3,1951,8,3,0.8,7.5,2.9,4.466666666666667,4.368447474027053
103,1951-09-30,-1.9,1951,9,3,9.3,3.3,0.3,2.733333333333334,5.8449408323210035
104,1951-10-31,3.0,1951,10,4,-1.9,0.8,9.0,3.466666666666667,5.614564393907451
105,1951-11-30,0.3,1951,11,4,3.0,9.3,7.5,0.46666666666666673,2.4542480178933297
106,1951-12-31,8.7,1951,12,4,0.3,-1.9,3.3,4.0,4.288356328478313
107,1952-01-31,3.9,1952,1,1,8.7,3.0,0.8,4.3,4.214261501141095
108,1952-02-29,0.7,1952,2,1,3.9,0.3,9.3,4.433333333333333,4.026578365477733
109,1952-03-31,2.9,1952,3,1,0.7,8.7,-1.9,2.5,1.6370705543744921
110,1952-04-30,6.2,1952,4,2,2.9,3.9,3.0,3.266666666666667,2.7682726262659427
111,1952-05-31,1.6,1952,5,2,6.2,0.7,0.3,3.566666666666667,2.371356854910989
112,1952-06-30,2.1,1952,6,2,1.6,2.9,8.7,3.3000000000000003,2.5238858928247936
113,1952-07-31,-4.1,1952,7,3,2.1,6.2,3.9,-0.13333333333333316,3.444318994131255
114,1952-08-31,-0.4,1952,8,3,-4.1,1.6,0.7,-0.7999999999999998,3.119294792096446
115,1952-09-30,3.4,1952,9,3,-0.4,2.1,2.9,-0.3666666666666667,3.7501111094650703
116,1952-10-31,1.0,1952,10,4,3.4,-4.1,6.2,1.3333333333333333,1.9218047073866116
117,1952-11-30,0.3,1952,11,4,1.0,-0.4,1.6,1.5666666666666664,1.6258331197676286
118,1952-12-31,0.4,1952,12,4,0.3,3.4,2.1,0.5666666666666665,0.378593889720029
119,1953-01-31,-1.3,1953,1,1,0.4,1.0,-4.1,-0.20000000000000018,0.9539392014169505
120,1953-02-28,5.8,1953,2,1,-1.3,0.3,-0.4,1.633333333333333,3.7072002014098646
121,1953-03-31,-0.5,1953,3,1,5.8,0.4,3.4,1.333333333333333,3.8888730158406224
122,1953-04-30,-4.2,1953,4,2,-0.5,-1.3,1.0,0.36666666666666653,5.056019514730273
123,1953-05-31,-1.6,1953,5,2,-4.2,5.8,0.3,-2.1,1.9000000000000035
124,1953-06-30,-0.2,1953,6,2,-1.6,-0.5,0.4,-2.0,2.029778313018447
125,1953-07-31,0.8,1953,7,3,-0.2,-4.2,-1.3,-0.3333333333333333,1.2055427546683446
126,1953-08-31,0.1,1953,8,3,0.8,-1.6,5.8,0.23333333333333336,0.5131601439446937
127,1953-09-30,-0.7,1953,9,3,0.1,-0.2,-0.5,0.06666666666666672,0.7505553499465174
128,1953-10-31,-0.4,1953,10,4,-0.7,0.8,-4.2,-0.3333333333333333,0.40414518843274694
129,1953-11-30,0.7,1953,11,4,-0.4,0.1,-1.6,-0.1333333333333333,0.7371114795832038
130,1953-12-31,1.1,1953,12,4,0.7,-0.7,-0.2,0.46666666666666673,0.7767453465154058
131,1954-01-31,-2.0,1954,1,1,1.1,-0.4,0.8,-0.06666666666666658,1.686218649325567
132,1954-02-28,-0.2,1954,2,1,-2.0,0.7,0.1,-0.36666666666666664,1.5567059238447514
133,1954-03-31,0.2,1954,3,1,-0.2,1.1,-0.7,-0.6666666666666666,1.1718930554164666
134,1954-04-30,2.1,1954,4,2,0.2,-2.0,-0.4,0.7000000000000001,1.2288205727444523
135,1954-05-31,-0.2,1954,5,2,2.1,-0.2,0.7,0.7000000000000001,1.2288205727444523
136,1954-06-30,1.6,1954,6,2,-0.2,0.2,1.1,1.1666666666666667,1.2096831541082713
137,1954-07-31,2.2,1954,7,3,1.6,2.1,-2.0,1.2,1.2489995996796805
138,1954-08-31,0.7,1954,8,3,2.2,-0.2,-0.2,1.5,0.7549834435270757
139,1954-09-30,2.4,1954,9,3,0.7,1.6,0.2,1.7666666666666666,0.9291573243177571
140,1954-10-31,2.9,1954,10,4,2.4,2.2,2.1,2.0,1.1532562594670794
141,1954-11-30,1.0,1954,11,4,2.9,0.7,-0.2,2.0999999999999996,0.98488578017961
142,1954-12-31,4.4,1954,12,4,1.0,2.4,1.6,2.766666666666667,1.7039170558842736
143,1955-01-31,-2.2,1955,1,1,4.4,2.9,2.2,1.0666666666666664,3.300505011863084
144,1955-02-28,0.1,1955,2,1,-2.2,1.0,0.7,0.7666666666666666,3.350124375800597
145,1955-03-31,0.1,1955,3,1,0.1,4.4,2.4,-0.6666666666666669,1.3279056191361427
146,1955-04-30,1.4,1955,4,2,0.1,-2.2,2.9,0.5333333333333331,0.750555349946517
147,1955-05-31,0.1,1955,5,2,1.4,0.1,1.0,0.5333333333333331,0.750555349946517
148,1955-06-30,0.6,1955,6,2,0.1,0.1,4.4,0.6999999999999998,0.6557438524302037
149,1955-07-31,0.4,1955,7,3,0.6,1.4,-2.2,0.36666666666666653,0.2516611478423698
150,1955-08-31,0.3,1955,8,3,0.4,0.1,0.1,0.4333333333333332,0.15275252316521296
151,1955-09-30,0.7,1955,9,3,0.3,0.6,0.1,0.4666666666666665,0.20816659994662642
152,1955-10-31,-0.1,1955,10,4,0.7,0.4,1.4,0.2999999999999999,0.4000000000000074
153,1955-11-30,0.0,1955,11,4,-0.1,0.3,0.1,0.19999999999999987,0.4358898943540745
154,1955-12-31,5.7,1955,12,4,0.0,0.7,0.6,1.8666666666666665,3.3201405592735584
155,1956-01-31,-1.3,1956,1,1,5.7,-0.1,0.4,1.4666666666666666,3.7233497463082
156,1956-02-29,-0.8,1956,2,1,-1.3,0.0,0.3,1.1999999999999997,3.9051248379533274
157,1956-03-31,-0.2,1956,3,1,-0.8,5.7,0.7,-0.766666666666667,0.5507570547286176
158,1956-04-30,3.5,1956,4,2,-0.2,-1.3,-0.1,0.833333333333333,2.328805129961143
159,1956-05-31,3.8,1956,5,2,3.5,-0.8,0.0,2.3666666666666663,2.2278539748675925
160,1956-06-30,3.9,1956,6,2,3.8,-0.2,5.7,3.733333333333333,0.2081665999465998
161,1956-07-31,-0.5,1956,7,3,3.9,3.5,-1.3,2.4,2.5119713374160937
162,1956-08-31,-0.5,1956,8,3,-0.5,3.8,-0.8,0.9666666666666663,2.540341184434354
163,1956-09-30,0.6,1956,9,3,-0.5,3.9,-0.2,-0.13333333333333364,0.6350852961085962
164,1956-10-31,1.3,1956,10,4,0.6,-0.5,3.5,0.46666666666666634,0.9073771725877507
165,1956-11-30,1.5,1956,11,4,1.3,-0.5,3.8,1.133333333333333,0.4725815626252656
166,1956-12-31,4.4,1956,12,4,1.5,0.6,3.9,2.4,1.7349351572897471
167,1957-01-31,-1.1,1957,1,1,4.4,1.3,-0.5,1.5999999999999996,2.7513632984395215
168,1957-02-28,0.8,1957,2,1,-1.1,1.5,-0.5,1.3666666666666665,2.7934447074057758
169,1957-03-31,3.6,1957,3,1,0.8,4.4,0.6,1.0999999999999996,2.364318083507379
170,1957-04-30,2.7,1957,4,2,3.6,-1.1,1.3,2.3666666666666663,1.4294521094927706
171,1957-05-31,2.8,1957,5,2,2.7,0.8,1.5,3.0333333333333328,0.4932882862316187
172,1957-06-30,3.8,1957,6,2,2.8,3.6,4.4,3.0999999999999996,0.6082762530298166
173,1957-07-31,1.8,1957,7,3,3.8,2.7,-1.1,2.7999999999999994,0.9999999999999974
174,1957-08-31,5.4,1957,8,3,1.8,2.8,0.8,3.6666666666666665,1.8036999011291555
175,1957-09-30,-0.2,1957,9,3,5.4,3.8,3.6,2.333333333333333,2.8378395538390344
176,1957-10-31,1.1,1957,10,4,-0.2,1.8,2.7,2.1,2.9308701779505686
177,1957-11-30,2.5,1957,11,4,1.1,5.4,2.8,1.133333333333333,1.3503086067019396
178,1957-12-31,0.0,1957,12,4,2.5,-0.2,3.8,1.2,1.2529964086141667
179,1958-01-31,-2.6,1958,1,1,0.0,1.1,1.8,-0.03333333333333366,2.550163393458023
180,1958-02-28,1.4,1958,2,1,-2.6,2.5,5.4,-0.40000000000000036,2.0297783130184452
181,1958-03-31,1.7,1958,3,1,1.4,0.0,-0.2,0.1666666666666663,2.400694344004113
182,1958-04-30,4.3,1958,4,2,1.7,-2.6,1.1,2.4666666666666663,1.5947831618540895
183,1958-05-31,6.5,1958,5,2,4.3,1.4,2.5,4.166666666666667,2.4027761721253436
184,1958-06-30,4.4,1958,6,2,6.5,1.7,0.0,5.066666666666666,1.242309676905608
185,1958-07-31,3.6,1958,7,3,4.4,4.3,-2.6,4.833333333333333,1.4977761292440595
186,1958-08-31,4.6,1958,8,3,3.6,6.5,1.4,4.2,0.5291502622129076
187,1958-09-30,1.9,1958,9,3,4.6,4.4,1.7,3.3666666666666667,1.3650396819628827
188,1958-10-31,3.0,1958,10,4,1.9,3.6,4.3,3.1666666666666665,1.357694123627752
189,1958-11-30,5.1,1958,11,4,3.0,4.6,6.5,3.3333333333333335,1.625833119767625
190,1958-12-31,8.4,1958,12,4,5.1,1.9,4.4,5.5,2.7221315177632364
191,1959-01-31,17.8,1959,1,1,8.4,3.0,3.6,10.433333333333334,6.589638330996117
192,1959-02-28,9.1,1959,2,1,17.8,5.1,4.6,11.766666666666667,5.236729259120932
193,1959-03-31,7.3,1959,3,1,9.1,8.4,1.9,11.4,5.615158056546578
194,1959-04-30,8.3,1959,4,2,7.3,17.8,3.0,8.233333333333333,0.9018499505645564
195,1959-05-31,10.4,1959,5,2,8.3,9.1,5.1,8.666666666666666,1.5821925715074288
196,1959-06-30,6.3,1959,6,2,10.4,7.3,8.4,8.333333333333334,2.050203241957561
197,1959-07-31,3.1,1959,7,3,6.3,8.3,17.8,6.599999999999999,3.659234892706394
198,1959-08-31,3.8,1959,8,3,3.1,10.4,9.1,4.3999999999999995,1.6822603841260677
199,1959-09-30,1.8,1959,9,3,3.8,6.3,7.3,2.899999999999999,1.0148891565092193
200,1959-10-31,0.6,1959,10,4,1.8,3.1,8.3,2.066666666666666,1.6165807537309522
201,1959-11-30,2.1,1959,11,4,0.6,3.8,10.4,1.4999999999999993,0.7937253933193802
202,1959-12-31,2.9,1959,12,4,2.1,1.8,6.3,1.866666666666666,1.1676186592091338
203,1960-01-31,2.7,1960,1,1,2.9,0.6,3.1,2.566666666666666,0.41633319989322354
204,1960-02-29,0.8,1960,2,1,2.7,2.1,3.8,2.133333333333333,1.1590225767142475
205,1960-03-31,0.7,1960,3,1,0.8,2.9,1.8,1.3999999999999995,1.1269427669584668
206,1960-04-30,-0.1,1960,4,2,0.7,2.7,0.6,0.46666666666666606,0.49328828623163656
207,1960-05-31,-0.2,1960,5,2,-0.1,0.8,2.1,0.13333333333333272,0.49328828623163884
208,1960-06-30,-0.5,1960,6,2,-0.2,0.7,2.9,-0.2666666666666673,0.20816659994665315
209,1960-07-31,0.9,1960,7,3,-0.5,-0.1,2.7,0.06666666666666606,0.7371114795832091
210,1960-08-31,0.5,1960,8,3,0.9,-0.2,0.8,0.29999999999999943,0.7211102550928067
211,1960-09-30,0.1,1960,9,3,0.5,-0.5,0.7,0.4999999999999994,0.40000000000001434
212,1960-10-31,0.8,1960,10,4,0.1,0.9,-0.1,0.46666666666666606,0.35118845842844126
213,1960-11-30,2.5,1960,11,4,0.8,0.5,-0.2,1.1333333333333326,1.2342339054382443
214,1960-12-31,9.2,1960,12,4,2.5,0.1,-0.5,4.166666666666665,4.441095960833691
215,1961-01-31,-6.1,1961,1,1,9.2,0.8,0.9,1.8666666666666654,7.669637105713238
216,1961-02-28,1.2,1961,2,1,-6.1,2.5,0.5,1.4333333333333325,7.652668379939989
217,1961-03-31,1.1,1961,3,1,1.2,9.2,0.1,-1.2666666666666675,4.186088070422475
218,1961-04-30,2.2,1961,4,2,1.1,-6.1,0.8,1.4999999999999991,0.6082762530298269
219,1961-05-31,0.7,1961,5,2,2.2,1.2,2.5,1.3333333333333324,0.7767453465154076
220,1961-06-30,1.4,1961,6,2,0.7,1.1,9.2,1.4333333333333325,0.7505553499465178
221,1961-07-31,1.5,1961,7,3,1.4,2.2,-6.1,1.199999999999999,0.43588989435407655
222,1961-08-31,0.8,1961,8,3,1.5,0.7,1.2,1.2333333333333323,0.3785938897200285
223,1961-09-30,1.0,1961,9,3,0.8,1.4,1.1,1.099999999999999,0.360555127546411
224,1961-10-31,0.1,1961,10,4,1.0,1.5,2.2,0.6333333333333325,0.47258156262527345
225,1961-11-30,3.2,1961,11,4,0.1,0.8,0.7,1.4333333333333325,1.5947831618540935
226,1961-12-31,8.7,1961,12,4,3.2,1.0,1.4,3.9999999999999987,4.355456348076512
227,1962-01-31,-4.0,1962,1,1,8.7,0.1,1.5,2.6333333333333324,6.368935023481816
228,1962-02-28,1.4,1962,2,1,-4.0,3.2,0.8,2.033333333333332,6.373643646559896
229,1962-03-31,1.6,1962,3,1,1.4,8.7,1.0,-0.33333333333333454,3.1770006819850294
230,1962-04-30,3.3,1962,4,2,1.6,-4.0,0.1,2.0999999999999988,1.0440306508910506
231,1962-05-31,3.5,1962,5,2,3.3,1.4,3.2,2.799999999999999,1.0440306508910486
232,1962-06-30,1.5,1962,6,2,3.5,1.6,8.7,2.7666666666666657,1.1015141094572145
233,1962-07-31,4.5,1962,7,3,1.5,3.3,-4.0,3.1666666666666656,1.5275252316519414
234,1962-08-31,1.3,1962,8,3,4.5,3.5,1.4,2.4333333333333322,1.7925772879664972
235,1962-09-30,3.7,1962,9,3,1.3,1.5,1.6,3.1666666666666656,1.6653327995729013
236,1962-10-31,1.7,1962,10,4,3.7,4.5,3.3,2.233333333333332,1.2858201014657236
237,1962-11-30,-0.5,1962,11,4,1.7,1.3,3.5,1.6333333333333322,2.100793500878496
238,1962-12-31,9.7,1962,12,4,-0.5,3.7,1.5,3.6333333333333315,5.367805262240175
239,1963-01-31,-4.1,1963,1,1,9.7,1.7,4.5,1.6999999999999986,7.158212067269312
240,1963-02-28,0.9,1963,2,1,-4.1,-0.5,1.3,2.166666666666665,6.986653944008772
241,1963-03-31,4.7,1963,3,1,0.9,9.7,3.7,0.49999999999999883,4.413615298142783
242,1963-04-30,1.6,1963,4,2,4.7,-4.1,1.7,2.3999999999999986,2.0223748416156684
243,1963-05-31,0.0,1963,5,2,1.6,0.9,-0.5,2.0999999999999983,2.3895606290697047
244,1963-06-30,1.1,1963,6,2,0.0,4.7,9.7,0.8999999999999986,0.8185352771872509
245,1963-07-31,1.5,1963,7,3,1.1,1.6,-4.1,0.8666666666666653,0.7767453465154093
246,1963-08-31,0.4,1963,8,3,1.5,0.0,0.9,0.9999999999999986,0.5567764362830102
247,1963-09-30,1.5,1963,9,3,0.4,1.1,4.7,1.1333333333333317,0.6350852961085947
248,1963-10-31,3.1,1963,10,4,1.5,1.5,1.6,1.6666666666666652,1.357694123627755
249,1963-11-30,2.5,1963,11,4,3.1,0.4,0.0,2.366666666666665,0.8082903768654761
250,1963-12-31,8.7,1963,12,4,2.5,1.5,1.1,4.766666666666665,3.4195516275285733
251,1964-01-31,-0.5,1964,1,1,8.7,3.1,1.5,3.566666666666665,4.6918368826434405
252,1964-02-29,-0.8,1964,2,1,-0.5,2.5,0.4,2.4666666666666655,5.400308633155454
253,1964-03-31,-0.3,1964,3,1,-0.8,8.7,1.5,-0.5333333333333345,0.25166114784239385
254,1964-04-30,3.8,1964,4,2,-0.3,-0.5,3.1,0.8999999999999987,2.523885892824794
255,1964-05-31,0.1,1964,5,2,3.8,-0.8,2.5,1.1999999999999988,2.260530911091464
256,1964-06-30,1.4,1964,6,2,0.1,-0.3,8.7,1.7666666666666655,1.8770544300401455
257,1964-07-31,0.4,1964,7,3,1.4,3.8,-0.5,0.6333333333333321,0.6806859285554127
258,1964-08-31,-0.5,1964,8,3,0.4,0.1,-0.8,0.43333333333333207,0.9504384952922234
259,1964-09-30,1.1,1964,9,3,-0.5,1.4,-0.3,0.33333333333333215,0.8020806277010726
260,1964-10-31,3.9,1964,10,4,1.1,0.4,3.8,1.499999999999999,2.2271057451320098
261,1964-11-30,1.1,1964,11,4,3.9,-0.5,0.1,2.033333333333332,1.6165807537309524
262,1964-12-31,7.2,1964,12,4,1.1,1.1,1.4,4.0666666666666655,3.0534133905079606
263,1965-01-31,-3.7,1965,1,1,7.2,3.9,0.4,1.5333333333333323,5.462905209989767
264,1965-02-28,4.8,1965,2,1,-3.7,1.1,-0.5,2.7666666666666657,5.727419430540541
265,1965-03-31,2.4,1965,3,1,4.8,7.2,1.1,1.1666666666666654,4.382160806421114
266,1965-04-30,1.0,1965,4,2,2.4,-3.7,3.9,2.733333333333332,1.9218047073866091
267,1965-05-31,2.2,1965,5,2,1.0,4.8,1.1,1.8666666666666656,0.7571877794400385
268,1965-06-30,4.0,1965,6,2,2.2,2.4,7.2,2.399999999999999,1.5099668870541496
269,1965-07-31,4.4,1965,7,3,4.0,1.0,-3.7,3.5333333333333328,1.1718930554164588
270,1965-08-31,2.2,1965,8,3,4.4,2.2,4.8,3.5333333333333328,1.1718930554164588
271,1965-09-30,1.5,1965,9,3,2.2,4.0,2.4,2.6999999999999993,1.5132745950421547
272,1965-10-31,2.6,1965,10,4,1.5,4.4,1.0,2.099999999999999,0.5567764362830037
273,1965-11-30,3.6,1965,11,4,2.6,2.2,2.2,2.566666666666666,1.0503967504392475
274,1965-12-31,8.2,1965,12,4,3.6,1.5,4.0,4.799999999999999,2.986636904613612
275,1966-01-31,-2.3,1966,1,1,8.2,2.6,4.4,3.1666666666666656,5.263395608666834
276,1966-02-28,2.2,1966,2,1,-2.3,3.6,2.2,2.6999999999999993,5.267826876426368
277,1966-03-31,2.2,1966,3,1,2.2,8.2,1.5,0.6999999999999993,2.598076211353318
278,1966-04-30,2.1,1966,4,2,2.2,-2.3,2.6,2.166666666666666,0.057735026918942056
279,1966-05-31,1.0,1966,5,2,2.1,2.2,3.6,1.7666666666666657,0.6658328118479401
280,1966-06-30,0.9,1966,6,2,1.0,2.2,8.2,1.3333333333333324,0.6658328118479429
281,1966-07-31,1.6,1966,7,3,0.9,2.1,-2.3,1.1666666666666659,0.3785938897200263
282,1966-08-31,1.2,1966,8,3,1.6,1.0,2.2,1.2333333333333325,0.3511884584284325
283,1966-09-30,1.5,1966,9,3,1.2,0.9,2.2,1.4333333333333325,0.20816659994662268
284,1966-10-31,3.2,1966,10,4,1.5,1.6,2.1,1.9666666666666657,1.0785793124908956
285,1966-11-30,2.3,1966,11,4,3.2,1.2,1.0,2.333333333333332,0.8504900548115363
286,1966-12-31,11.1,1966,12,4,2.3,1.5,0.9,5.533333333333331,4.841831609353355
287,1967-01-31,-4.7,1967,1,1,11.1,3.2,1.6,2.8999999999999986,7.917070165155795
288,1967-02-28,2.1,1967,2,1,-4.7,2.3,1.2,2.833333333333332,7.925486315257464
289,1967-03-31,2.2,1967,3,1,2.1,11.1,1.5,-0.1333333333333345,3.9551653989856566
290,1967-04-30,1.2,1967,4,2,2.2,-4.7,3.2,1.8333333333333324,0.5507570547286142
291,1967-05-31,1.0,1967,5,2,1.2,2.1,2.3,1.4666666666666652,0.6429100507328698
292,1967-06-30,4.4,1967,6,2,1.0,2.2,11.1,2.199999999999999,1.9078784028338918
293,1967-07-31,5.0,1967,7,3,4.4,1.2,-4.7,3.466666666666665,2.157158624981789
294,1967-08-31,0.3,1967,8,3,5.0,1.0,2.1,3.233333333333332,2.557994005726621
295,1967-09-30,0.5,1967,9,3,0.3,4.4,2.2,1.9333333333333318,2.6576932353703526
296,1967-10-31,2.9,1967,10,4,0.5,5.0,1.2,1.2333333333333318,1.4468356276140484
297,1967-11-30,2.3,1967,11,4,2.9,0.3,1.0,1.8999999999999986,1.2489995996796792
298,1967-12-31,7.8,1967,12,4,2.3,0.5,4.4,4.333333333333332,3.0171730698342967
299,1968-01-31,-3.4,1968,1,1,7.8,2.9,5.0,2.233333333333332,5.60029761113937
300,1968-02-29,1.0,1968,2,1,-3.4,2.3,0.3,1.7999999999999983,5.642694391866354
301,1968-03-31,-0.6,1968,3,1,1.0,7.8,0.5,-1.0000000000000016,2.2271057451320133
302,1968-04-30,-0.4,1968,4,2,-0.6,-3.4,2.9,-1.4802973661668755e-15,0.8717797887081415
303,1968-05-31,0.1,1968,5,2,-0.4,1.0,2.3,-0.3000000000000015,0.3605551275464189
304,1968-06-30,0.3,1968,6,2,0.1,-0.6,7.8,-1.4802973661668755e-15,0.36055512754641567
305,1968-07-31,-0.1,1968,7,3,0.3,-0.4,-3.4,0.09999999999999853,0.20000000000002813
306,1968-08-31,0.2,1968,8,3,-0.1,0.1,1.0,0.13333333333333186,0.20816659994663966
307,1968-09-30,1.4,1968,9,3,0.2,0.3,-0.6,0.4999999999999985,0.7937253933193822
308,1968-10-31,2.0,1968,10,4,1.4,-0.1,-0.4,1.1999999999999986,0.9165151389911692
309,1968-11-30,0.3,1968,11,4,2.0,0.2,0.1,1.2333333333333318,0.862167810425172
310,1968-12-31,8.9,1968,12,4,0.3,1.4,0.3,3.733333333333332,4.554484969053396
311,1969-01-31,-4.6,1969,1,1,8.9,2.0,-0.1,1.533333333333332,6.833983708887031
312,1969-02-28,-1.3,1969,2,1,-4.6,0.3,0.2,0.9999999999999988,7.037755323965163
313,1969-03-31,1.1,1969,3,1,-1.3,8.9,1.4,-1.6000000000000014,2.86181760425084
314,1969-04-30,0.1,1969,4,2,1.1,-4.6,2.0,-0.0333333333333348,1.2055427546683446
315,1969-05-31,-1.4,1969,5,2,0.1,-1.3,0.3,-0.06666666666666805,1.2583057392117944
316,1969-06-30,1.0,1969,6,2,-1.4,1.1,8.9,-0.10000000000000142,1.2124355652982168
317,1969-07-31,1.3,1969,7,3,1.0,0.1,-4.6,0.2999999999999986,1.4798648586948757
318,1969-08-31,-0.7,1969,8,3,1.3,-1.4,-1.3,0.533333333333332,1.0785793124908971
319,1969-09-30,1.9,1969,9,3,-0.7,1.0,1.1,0.8333333333333318,1.3613718571108095
320,1969-10-31,1.5,1969,10,4,1.9,1.3,0.1,0.8999999999999986,1.4000000000000001
321,1969-11-30,0.7,1969,11,4,1.5,-0.7,-1.4,1.3666666666666654,0.611010092660777
322,1969-12-31,7.3,1969,12,4,0.7,1.9,1.0,3.1666666666666656,3.601851375797358
323,1970-01-31,-4.7,1970,1,1,7.3,1.5,1.3,1.0999999999999985,6.009991680526688
324,1970-02-28,1.4,1970,2,1,-4.7,0.7,-0.7,1.333333333333332,6.000277771348034
325,1970-03-31,1.3,1970,3,1,1.4,7.3,1.9,-0.6666666666666682,3.4933269720043874
326,1970-04-30,0.8,1970,4,2,1.3,-4.7,1.5,1.1666666666666654,0.3214550253664247
327,1970-05-31,0.7,1970,5,2,0.8,1.4,0.7,0.9333333333333321,0.3214550253664272
328,1970-06-30,0.7,1970,6,2,0.7,1.3,7.3,0.733333333333332,0.0577350269189483
329,1970-07-31,1.2,1970,7,3,0.7,0.8,-4.7,0.8666666666666654,0.2886751345948085
330,1970-08-31,1.1,1970,8,3,1.2,0.7,1.4,0.9999999999999987,0.26457513110645264
331,1970-09-30,2.0,1970,9,3,1.1,0.7,1.3,1.433333333333332,0.4932882862316183
332,1970-10-31,4.0,1970,10,4,2.0,1.2,0.8,2.3666666666666654,1.4843629385474837
333,1970-11-30,2.6,1970,11,4,4.0,1.1,0.7,2.8666666666666654,1.026320287889369
334,1970-12-31,9.2,1970,12,4,2.6,2.0,0.7,5.266666666666665,3.4775470281986554
335,1971-01-31,-0.3,1971,1,1,9.2,4.0,1.2,3.8333333333333317,4.868606919164177
336,1971-02-28,3.3,1971,2,1,-0.3,2.6,1.1,4.0666666666666655,4.796179034745607
337,1971-03-31,1.1,1971,3,1,3.3,9.2,2.0,1.3666666666666654,1.814754345175489
338,1971-04-30,0.9,1971,4,2,1.1,-0.3,4.0,1.7666666666666655,1.3316656236958722
339,1971-05-31,2.4,1971,5,2,0.9,3.3,2.6,1.4666666666666657,0.8144527815246985
340,1971-06-30,3.1,1971,6,2,2.4,1.1,9.2,2.1333333333333324,1.1239810200058158
341,1971-07-31,4.3,1971,7,3,3.1,0.9,-0.3,3.2666666666666653,0.9609023536932908
342,1971-08-31,2.6,1971,8,3,4.3,2.4,3.3,3.333333333333332,0.8736894948053946
343,1971-09-30,0.9,1971,9,3,2.6,3.1,1.1,2.5999999999999988,1.6999999999999933
344,1971-10-31,1.0,1971,10,4,0.9,4.3,0.9,1.4999999999999984,0.953939201416938
345,1971-11-30,2.7,1971,11,4,1.0,2.6,2.4,1.533333333333332,1.0115993936995606
346,1971-12-31,11.9,1971,12,4,2.7,0.9,3.1,5.199999999999998,5.8642987645582965
347,1972-01-31,5.2,1972,1,1,11.9,1.0,4.3,6.599999999999999,4.757099956906512
348,1972-02-29,3.6,1972,2,1,5.2,2.7,2.6,6.899999999999999,4.403407771260793
349,1972-03-31,4.2,1972,3,1,3.6,11.9,0.9,4.333333333333331,0.8082903768654526
350,1972-04-30,4.9,1972,4,2,4.2,5.2,1.0,4.233333333333332,0.6506407098647427
351,1972-05-31,1.6,1972,5,2,4.9,3.6,2.7,3.566666666666665,1.7387735140993212
352,1972-06-30,5.5,1972,6,2,1.6,4.2,11.9,3.9999999999999982,2.0999999999999917
353,1972-07-31,5.0,1972,7,3,5.5,4.9,5.2,4.033333333333331,2.122105872319592
354,1972-08-31,-0.1,1972,8,3,5.0,1.6,3.6,3.466666666666665,3.0989245446337192
355,1972-09-30,2.4,1972,9,3,-0.1,5.5,4.2,2.4333333333333313,2.5501633934580186
356,1972-10-31,4.8,1972,10,4,2.4,5.0,4.9,2.366666666666665,2.450170062124937
357,1972-11-30,4.9,1972,11,4,4.8,-0.1,1.6,4.033333333333331,1.415391583037465
358,1972-12-31,8.8,1972,12,4,4.9,2.4,5.5,6.166666666666665,2.2810816147900717
359,1973-01-31,4.6,1973,1,1,8.8,4.8,5.0,6.099999999999999,2.3430749027719853
360,1973-02-28,7.6,1973,2,1,4.6,4.9,-0.1,6.999999999999997,2.163330765278379
361,1973-03-31,8.6,1973,3,1,7.6,8.8,2.4,6.933333333333331,2.0816659994661175
362,1973-04-30,4.5,1973,4,2,8.6,4.6,4.8,6.899999999999999,2.13775583264318
363,1973-05-31,3.5,1973,5,2,4.5,7.6,4.9,5.533333333333331,2.7024680078278984
364,1973-06-30,-2.9,1973,6,2,3.5,8.6,8.8,1.6999999999999982,4.0149719799769485
365,1973-07-31,0.0,1973,7,3,-2.9,4.5,4.6,0.19999999999999826,3.2046840717924194
366,1973-08-31,0.8,1973,8,3,0.0,3.5,7.6,-0.7000000000000016,1.946792233393193
367,1973-09-30,0.5,1973,9,3,0.8,-2.9,8.6,0.43333333333333157,0.40414518843278535
368,1973-10-31,1.6,1973,10,4,0.5,0.0,4.5,0.966666666666665,0.5686240703077587
369,1973-11-30,0.8,1973,11,4,1.6,0.8,3.5,0.966666666666665,0.5686240703077587
370,1973-12-31,8.1,1973,12,4,0.8,0.5,-2.9,3.4999999999999982,4.003748243833519
371,1974-01-31,-5.7,1974,1,1,8.1,1.6,0.0,1.0666666666666649,6.903863652574068
372,1974-02-28,1.6,1974,2,1,-5.7,0.8,0.8,1.3333333333333315,6.903863652574068
373,1974-03-31,1.2,1974,3,1,1.6,8.1,0.5,-0.9666666666666682,4.104063027456253
374,1974-04-30,2.8,1974,4,2,1.2,-5.7,1.6,1.8666666666666651,0.8326663997864614
375,1974-05-31,3.3,1974,5,2,2.8,1.6,0.8,2.433333333333332,1.0969655114602919
376,1974-06-30,3.8,1974,6,2,3.3,1.2,8.1,3.2999999999999985,0.4999999999999949
377,1974-07-31,2.3,1974,7,3,3.8,2.8,-5.7,3.1333333333333315,0.7637626158259715
378,1974-08-31,1.9,1974,8,3,2.3,3.3,1.6,2.6666666666666647,1.0016652800877832
379,1974-09-30,3.3,1974,9,3,1.9,3.8,1.2,2.4999999999999982,0.7211102550928021
380,1974-10-31,3.8,1974,10,4,3.3,2.3,2.8,2.9999999999999982,0.9848857801796097
381,1974-11-30,4.1,1974,11,4,3.8,1.9,3.3,3.733333333333331,0.4041451884327225
382,1974-12-31,12.7,1974,12,4,4.1,3.3,3.8,6.8666666666666645,5.054041287260451
383,1975-01-31,2.9,1975,1,1,12.7,3.8,2.3,6.566666666666664,5.345403009440287
384,1975-02-28,4.6,1975,2,1,2.9,4.1,1.9,6.733333333333332,5.236729259120933
385,1975-03-31,8.1,1975,3,1,4.6,12.7,3.3,5.199999999999998,2.651414716712565
386,1975-04-30,9.7,1975,4,2,8.1,2.9,3.8,7.466666666666664,2.608320021265271
387,1975-05-31,3.9,1975,5,2,9.7,4.6,4.1,7.233333333333331,2.995552258488119
388,1975-06-30,21.1,1975,6,2,3.9,8.1,12.7,11.566666666666665,8.750619025722306
389,1975-07-31,34.7,1975,7,3,21.1,9.7,2.9,19.900000000000002,15.43502510525978
390,1975-08-31,22.5,1975,8,3,34.7,3.9,4.6,26.100000000000005,7.480641683705984
391,1975-09-30,10.8,1975,9,3,22.5,21.1,8.1,22.666666666666668,11.950871655797034
392,1975-10-31,13.8,1975,10,4,10.8,34.7,9.7,15.700000000000001,6.077005841695375
393,1975-11-30,9.0,1975,11,4,13.8,22.5,3.9,11.200000000000001,2.4248711305963924
394,1975-12-31,19.4,1975,12,4,9.0,10.8,21.1,14.066666666666668,5.205125678918145
395,1976-01-31,8.9,1976,1,1,19.4,13.8,34.7,12.433333333333332,6.033517492585326
396,1976-02-29,19.0,1976,2,1,8.9,9.0,22.5,15.766666666666666,5.95007002759909
397,1976-03-31,37.6,1976,3,1,19.0,19.4,10.8,21.833333333333332,14.558273707185645
398,1976-04-30,33.9,1976,4,2,37.6,8.9,13.8,30.166666666666668,9.845980567385487
399,1976-05-31,12.1,1976,5,2,33.9,19.0,9.0,27.866666666666664,13.779090439260957
400,1976-06-30,2.7,1976,6,2,12.1,37.6,19.4,16.23333333333333,16.00541575009325
401,1976-07-31,4.2,1976,7,3,2.7,33.9,8.9,6.333333333333333,5.050082507576815
402,1976-08-31,5.5,1976,8,3,4.2,12.1,19.0,4.133333333333334,1.4011899704656017
403,1976-09-30,10.6,1976,9,3,5.5,2.7,37.6,6.766666666666666,3.3827996294982254
404,1976-10-31,8.5,1976,10,4,10.6,4.2,33.9,8.200000000000001,2.563201123595252
405,1976-11-30,8.0,1976,11,4,8.5,5.5,12.1,9.033333333333333,1.3796134724383045
406,1976-12-31,14.3,1976,12,4,8.0,10.6,2.7,10.266666666666666,3.5019042438840686
407,1977-01-31,8.0,1977,1,1,14.3,8.5,4.2,10.1,3.637306695894632
408,1977-02-28,8.3,1977,2,1,8.0,8.0,5.5,10.200000000000001,3.553871128783361
409,1977-03-31,7.5,1977,3,1,8.3,14.3,10.6,7.9333333333333345,0.4041451884327041
410,1977-04-30,6.0,1977,4,2,7.5,8.0,8.5,7.266666666666667,1.1676186592091284
411,1977-05-31,6.5,1977,5,2,6.0,8.3,8.0,6.666666666666667,0.763762615825976
412,1977-06-30,7.6,1977,6,2,6.5,7.5,14.3,6.7,0.8185352771872468
413,1977-07-31,7.4,1977,7,3,7.6,6.0,8.0,7.166666666666667,0.5859465277082244
414,1977-08-31,11.3,1977,8,3,7.4,6.5,8.3,8.766666666666667,2.1962088546705405
415,1977-09-30,8.3,1977,9,3,11.3,7.6,7.5,9.000000000000002,2.042057785666201
416,1977-10-31,12.5,1977,10,4,8.3,7.4,6.0,10.700000000000001,2.1633307652783715
417,1977-11-30,9.0,1977,11,4,12.5,11.3,6.5,9.933333333333334,2.250185177565006
418,1977-12-31,7.3,1977,12,4,9.0,8.3,7.6,9.6,2.651414716712558
419,1978-01-31,13.4,1978,1,1,7.3,12.5,7.4,9.9,3.1480152477394276
420,1978-02-28,6.2,1978,2,1,13.4,9.0,11.3,8.966666666666667,3.87857362097631
421,1978-03-31,9.5,1978,3,1,6.2,7.3,8.3,9.7,3.6041642581880105
422,1978-04-30,11.1,1978,4,2,9.5,13.4,12.5,8.933333333333332,2.4986663109213447
423,1978-05-31,8.7,1978,5,2,11.1,6.2,9.0,9.766666666666666,1.2220201853215296
424,1978-06-30,6.5,1978,6,2,8.7,9.5,7.3,8.766666666666666,2.300724523564977
425,1978-07-31,6.6,1978,7,3,6.5,11.1,13.4,7.266666666666666,1.2423096769056126
426,1978-08-31,7.8,1978,8,3,6.6,8.7,6.2,6.966666666666666,0.7234178138070251
427,1978-09-30,6.4,1978,9,3,7.8,6.5,9.5,6.933333333333334,0.7571877794400383
428,1978-10-31,9.8,1978,10,4,6.4,6.6,11.1,8.0,1.7088007490634995
429,1978-11-30,8.8,1978,11,4,9.8,7.8,8.7,8.333333333333334,1.7473789896108118
430,1978-12-31,9.1,1978,12,4,8.8,6.4,6.5,9.233333333333334,0.5131601439446328
431,1979-01-31,12.8,1979,1,1,9.1,9.8,6.6,10.233333333333334,2.2278539748675743
432,1979-02-28,7.4,1979,2,1,12.8,8.8,7.8,9.766666666666667,2.7610384519838296
433,1979-03-31,7.7,1979,3,1,7.4,9.1,6.4,9.3,3.0347981810986946
434,1979-04-30,7.0,1979,4,2,7.7,12.8,9.8,7.366666666666667,0.35118845842843205
435,1979-05-31,6.9,1979,5,2,7.0,7.4,8.8,7.2,0.4358898943540794
436,1979-06-30,9.7,1979,6,2,6.9,7.7,9.1,7.866666666666667,1.5885003409925103
437,1979-07-31,7.2,1979,7,3,9.7,7.0,12.8,7.933333333333334,1.5373136743466895
438,1979-08-31,11.5,1979,8,3,7.2,6.9,7.4,9.466666666666667,2.159475244899388
439,1979-09-30,6.8,1979,9,3,11.5,9.7,7.7,8.5,2.605762844159071
440,1979-10-31,4.3,1979,10,4,6.8,7.2,7.0,7.533333333333334,3.65558932777375
441,1979-11-30,5.1,1979,11,4,4.3,11.5,6.9,5.3999999999999995,1.2767145334803973
442,1979-12-31,4.5,1979,12,4,5.1,6.8,9.7,4.633333333333333,0.41633319989333745
443,1980-01-31,7.2,1980,1,1,4.5,4.3,7.2,5.6000000000000005,1.4177446878758049
444,1980-02-29,5.3,1980,2,1,7.2,5.1,11.5,5.666666666666667,1.3868429375143367
445,1980-03-31,5.8,1980,3,1,5.3,4.5,6.8,6.1000000000000005,0.9848857801796349
446,1980-04-30,6.2,1980,4,2,5.8,7.2,4.3,5.766666666666667,0.450924975282354
447,1980-05-31,5.8,1980,5,2,6.2,5.3,5.1,5.933333333333334,0.23094010767596565
448,1980-06-30,5.7,1980,6,2,5.8,5.8,4.5,5.8999999999999995,0.2645751311065614
449,1980-07-31,4.6,1980,7,3,5.7,6.2,7.2,5.366666666666667,0.6658328118479915
450,1980-08-31,3.4,1980,8,3,4.6,5.8,5.3,4.566666666666666,1.1503622617825335
451,1980-09-30,4.5,1980,9,3,3.4,5.7,5.8,4.166666666666667,0.6658328118480173
452,1980-10-31,7.6,1980,10,4,4.5,4.6,6.2,5.166666666666667,2.177919496522635
453,1980-11-30,4.7,1980,11,4,7.6,3.4,5.8,5.6000000000000005,1.7349351572897653
454,1980-12-31,3.8,1980,12,4,4.7,4.5,5.7,5.366666666666667,1.9857828011475482
455,1981-01-31,4.9,1981,1,1,3.8,7.6,4.6,4.466666666666667,0.585946527708314
456,1981-02-28,4.2,1981,2,1,4.9,4.7,3.4,4.3,0.5567764362830934
457,1981-03-31,6.0,1981,3,1,4.2,3.8,4.5,5.033333333333334,0.9073771725877906
458,1981-04-30,7.9,1981,4,2,6.0,4.9,7.6,6.033333333333334,1.8502252115170696
459,1981-05-31,7.5,1981,5,2,7.9,4.2,4.7,7.133333333333334,1.0016652800877917
460,1981-06-30,9.4,1981,6,2,7.5,6.0,3.8,8.266666666666667,1.0016652800877763
461,1981-07-31,10.2,1981,7,3,9.4,7.9,4.9,9.033333333333333,1.3868429375143032
462,1981-08-31,7.9,1981,8,3,10.2,7.5,4.2,9.166666666666666,1.1676186592091176
463,1981-09-30,7.1,1981,9,3,7.9,9.4,6.0,8.4,1.6093476939431026
464,1981-10-31,5.8,1981,10,4,7.1,10.2,7.9,6.933333333333334,1.0598742063723177
465,1981-11-30,7.2,1981,11,4,5.8,7.9,7.5,6.7,0.7810249675906794
466,1981-12-31,8.8,1981,12,4,7.2,7.1,9.4,7.266666666666667,1.5011106998930308
467,1982-01-31,11.9,1982,1,1,8.8,5.8,10.2,9.299999999999999,2.389560629069697
468,1982-02-28,5.3,1982,2,1,11.9,7.2,7.9,8.666666666666666,3.302019584032372
469,1982-03-31,4.7,1982,3,1,5.3,8.8,7.1,7.3,3.994996871087638
470,1982-04-30,4.2,1982,4,2,4.7,11.9,5.8,4.733333333333333,0.5507570547286785
471,1982-05-31,3.1,1982,5,2,4.2,5.3,7.2,4.0,0.8185352771873017
472,1982-06-30,7.9,1982,6,2,3.1,4.7,8.8,5.066666666666667,2.514623895005653
473,1982-07-31,16.3,1982,7,3,7.9,4.2,11.9,9.1,6.681317235396025
474,1982-08-31,14.7,1982,8,3,16.3,3.1,5.3,12.966666666666669,4.4601943156473824
475,1982-09-30,17.1,1982,9,3,14.7,7.9,4.7,16.033333333333335,1.2220201853214847
476,1982-10-31,12.7,1982,10,4,17.1,16.3,4.2,14.833333333333334,2.2030282189144077
477,1982-11-30,11.3,1982,11,4,12.7,14.7,3.1,13.700000000000001,3.026549190084291
478,1982-12-31,10.6,1982,12,4,11.3,17.1,7.9,11.533333333333333,1.069267662156326
479,1983-01-31,16.0,1983,1,1,10.6,12.7,16.3,12.633333333333333,2.936551265231587
480,1983-02-28,13.0,1983,2,1,16.0,11.3,14.7,13.200000000000001,2.7055498516937164
481,1983-03-31,11.3,1983,3,1,13.0,10.6,17.1,13.433333333333332,2.3797758998135135
482,1983-04-30,10.3,1983,4,2,11.3,16.0,12.7,11.533333333333333,1.3650396819628574
483,1983-05-31,9.1,1983,5,2,10.3,13.0,11.3,10.233333333333333,1.1015141094572
484,1983-06-30,15.8,1983,6,2,9.1,11.3,10.6,11.733333333333334,3.5725807665234464
485,1983-07-31,12.5,1983,7,3,15.8,10.3,16.0,12.466666666666669,3.350124375800582
486,1983-08-31,17.2,1983,8,3,12.5,9.1,13.0,15.166666666666666,2.4131583730317367
487,1983-09-30,21.4,1983,9,3,17.2,15.8,11.3,17.03333333333333,4.452340208624352
488,1983-10-31,17.0,1983,10,4,21.4,12.5,10.3,18.53333333333333,2.4846193538111856
489,1983-11-30,19.2,1983,11,4,17.0,17.2,9.1,19.2,2.1999999999999473
490,1983-12-31,17.7,1983,12,4,19.2,21.4,15.8,17.96666666666667,1.1239810200057327
491,1984-01-31,12.5,1984,1,1,17.7,17.0,12.5,16.46666666666667,3.5161532010612326
492,1984-02-29,16.9,1984,2,1,12.5,19.2,17.2,15.699999999999998,2.7999999999999705
493,1984-03-31,20.3,1984,3,1,16.9,17.7,21.4,16.566666666666666,3.9106691669499694
494,1984-04-30,18.5,1984,4,2,20.3,12.5,17.0,18.566666666666666,1.7009801096230215
495,1984-05-31,17.1,1984,5,2,18.5,16.9,19.2,18.633333333333336,1.6041612554020683
496,1984-06-30,17.9,1984,6,2,17.1,20.3,17.7,17.833333333333332,0.7023769168567154
497,1984-07-31,18.3,1984,7,3,17.9,18.5,12.5,17.76666666666667,0.6110100926606256
498,1984-08-31,22.8,1984,8,3,18.3,17.1,16.9,19.666666666666668,2.7209067116189676
499,1984-09-30,27.5,1984,9,3,22.8,17.9,20.3,22.866666666666664,4.6003623045726645
500,1984-10-31,19.3,1984,10,4,27.5,18.3,18.5,23.2,4.114608122288169
501,1984-11-30,15.0,1984,11,4,19.3,22.8,17.1,20.6,6.350590523722956
502,1984-12-31,19.7,1984,12,4,15.0,27.5,17.9,18.0,2.6057628441590466
503,1985-01-31,25.1,1985,1,1,19.7,19.3,18.3,19.933333333333334,5.05404128726044
504,1985-02-28,20.7,1985,2,1,25.1,15.0,22.8,21.833333333333332,2.872861523521999
505,1985-03-31,26.5,1985,3,1,20.7,19.7,27.5,24.099999999999998,3.0265491900842747
506,1985-04-30,29.5,1985,4,2,26.5,25.1,19.3,25.566666666666666,4.4736264186153365
507,1985-05-31,25.1,1985,5,2,29.5,20.7,15.0,27.03333333333333,2.247962040011585
508,1985-06-30,30.5,1985,6,2,25.1,26.5,19.7,28.366666666666664,2.872861523521977
509,1985-07-31,6.2,1985,7,3,30.5,29.5,25.1,20.6,12.759702190882038
510,1985-08-31,3.1,1985,8,3,6.2,25.1,20.7,13.266666666666666,15.004777017114698
511,1985-09-30,2.0,1985,9,3,3.1,30.5,26.5,3.766666666666667,2.1779194965227027
512,1985-10-31,1.9,1985,10,4,2.0,6.2,29.5,2.3333333333333335,0.6658328118482483
513,1985-11-30,2.4,1985,11,4,1.9,3.1,25.1,2.1,0.264575131107249
514,1985-12-31,3.2,1985,12,4,2.4,2.0,30.5,2.5,0.6557438524305104
515,1986-01-31,3.0,1986,1,1,3.2,1.9,6.2,2.8666666666666667,0.4163331998937029
516,1986-02-28,1.7,1986,2,1,3.0,2.4,3.1,2.6333333333333333,0.8144527815249551
517,1986-03-31,4.6,1986,3,1,1.7,3.2,2.0,3.1,1.4525839046335292
518,1986-04-30,4.7,1986,4,2,4.6,3.0,1.9,3.6666666666666665,1.7039170558843844
519,1986-05-31,4.0,1986,5,2,4.7,1.7,2.4,4.433333333333334,0.3785938897204858
520,1986-06-30,4.5,1986,6,2,4.0,4.6,3.2,4.3999999999999995,0.36055512754689123
521,1986-07-31,6.8,1986,7,3,4.5,4.7,3.0,5.1000000000000005,1.49331845230692
522,1986-08-31,8.8,1986,8,3,6.8,4.0,1.7,6.7,2.1517434791350687
523,1986-09-30,7.2,1986,9,3,8.8,4.5,4.6,7.6000000000000005,1.0583005244259607
524,1986-10-31,6.1,1986,10,4,7.2,6.8,4.7,7.366666666666667,1.3576941236278532
525,1986-11-30,5.3,1986,11,4,6.1,8.8,4.0,6.2,0.9539392014171055
526,1986-12-31,4.7,1986,12,4,5.3,7.2,4.5,5.366666666666667,0.7023769168570841
527,1987-01-31,7.6,1987,1,1,4.7,6.1,6.8,5.866666666666666,1.5307950004274404
528,1987-02-28,6.5,1987,2,1,7.6,5.3,8.8,6.266666666666667,1.464012750399953
529,1987-03-31,8.3,1987,3,1,6.5,4.7,7.2,7.466666666666668,0.9073771725878923
530,1987-04-30,3.3,1987,4,2,8.3,7.6,6.1,6.033333333333334,2.5324559884297386
531,1987-05-31,4.2,1987,5,2,3.3,6.5,5.3,5.266666666666667,2.6652079343521526
532,1987-06-30,8.0,1987,6,2,4.2,8.3,4.7,5.166666666666667,2.494660965609089
533,1987-07-31,10.1,1987,7,3,8.0,3.3,7.6,7.433333333333333,2.9905406423142957
534,1987-08-31,13.7,1987,8,3,10.1,4.2,6.5,10.6,2.882707061079944
535,1987-09-30,11.7,1987,9,3,13.7,8.0,8.3,11.833333333333334,1.8036999011291939
536,1987-10-31,19.6,1987,10,4,11.7,10.1,3.3,15.0,4.107310555582573
537,1987-11-30,10.3,1987,11,4,19.6,13.7,4.2,13.866666666666669,5.014312847572776
538,1987-12-31,3.4,1987,12,4,10.3,11.7,8.0,11.100000000000001,8.129575634681073
539,1988-01-31,9.1,1988,1,1,3.4,19.6,10.1,7.6000000000000005,3.686461718233393
540,1988-02-29,10.4,1988,2,1,9.1,10.3,13.7,7.633333333333333,3.7233497463082394
541,1988-03-31,14.8,1988,3,1,10.4,3.4,11.7,11.433333333333335,2.9871948937646313
542,1988-04-30,17.2,1988,4,2,14.8,9.1,19.6,14.133333333333333,3.4486712417006906
543,1988-05-31,15.7,1988,5,2,17.2,10.4,10.3,15.9,1.2124355652982088
544,1988-06-30,18.0,1988,6,2,15.7,14.8,3.4,16.966666666666665,1.167618659209112
545,1988-07-31,25.6,1988,7,3,18.0,17.2,9.1,19.766666666666666,5.181055233572905
546,1988-08-31,27.6,1988,8,3,25.6,15.7,10.4,23.733333333333334,5.064911976859325
547,1988-09-30,11.7,1988,9,3,27.6,18.0,14.8,21.633333333333336,8.660446485795816
548,1988-10-31,9.0,1988,10,4,11.7,25.6,17.2,16.1,10.050373127401784
549,1988-11-30,5.7,1988,11,4,9.0,27.6,15.7,8.799999999999999,3.0049958402633576
550,1988-12-31,6.8,1988,12,4,5.7,11.7,18.0,7.166666666666667,1.6802777548171783
551,1989-01-31,8.9,1989,1,1,6.8,9.0,25.6,7.133333333333333,1.6258331197676654
552,1989-02-28,9.6,1989,2,1,8.9,5.7,27.6,8.433333333333334,1.4571661996263254
553,1989-03-31,17.0,1989,3,1,9.6,6.8,11.7,11.833333333333334,4.488132499529549
554,1989-04-30,33.4,1989,4,2,17.0,8.9,9.0,20.0,12.180311982868083
555,1989-05-31,78.5,1989,5,2,33.4,9.6,5.7,42.96666666666667,31.84655920713151
556,1989-06-30,114.5,1989,6,2,78.5,17.0,6.8,75.46666666666667,40.63500133300518
557,1989-07-31,196.6,1989,7,3,114.5,33.4,8.9,129.86666666666667,60.53101133578831
558,1989-08-31,37.9,1989,8,3,196.6,78.5,9.6,116.33333333333333,79.36588267847421
559,1989-09-30,9.4,1989,9,3,37.9,114.5,17.0,81.3,100.86441394267851
560,1989-10-31,5.6,1989,10,4,9.4,196.6,33.4,17.633333333333333,17.65398916203744
561,1989-11-30,6.5,1989,11,4,5.6,37.9,78.5,7.166666666666667,1.9857828011481675
562,1989-12-31,40.1,1989,12,4,6.5,9.4,114.5,17.400000000000002,19.663926362758843
563,1990-01-31,79.2,1990,1,1,40.1,5.6,196.6,41.93333333333334,36.38465793893539
564,1990-02-28,61.6,1990,2,1,79.2,6.5,37.9,60.300000000000004,19.582390048204026
565,1990-03-31,95.5,1990,3,1,61.6,40.1,9.4,78.76666666666667,16.95415386662903
566,1990-04-30,11.4,1990,4,2,95.5,79.2,5.6,56.166666666666664,42.31244891675893
567,1990-05-31,13.6,1990,5,2,11.4,61.6,6.5,40.166666666666664,47.93269586966015
568,1990-06-30,13.9,1990,6,2,13.6,95.5,40.1,12.966666666666667,1.3650396819643837
569,1990-07-31,10.8,1990,7,3,13.9,11.4,79.2,12.766666666666667,1.7097758137654888
570,1990-08-31,15.3,1990,8,3,10.8,13.6,61.6,13.333333333333334,2.302896726589666
571,1990-09-30,15.7,1990,9,3,15.3,13.9,95.5,13.933333333333335,2.7209067116197407
572,1990-10-31,7.7,1990,10,4,15.7,10.8,11.4,12.899999999999999,4.507771067834312
573,1990-11-30,6.2,1990,11,4,7.7,15.3,13.6,9.866666666666667,5.107184482015278
574,1990-12-31,4.7,1990,12,4,6.2,15.7,13.9,6.2,1.5000000000015363
575,1991-01-31,7.7,1991,1,1,4.7,7.7,10.8,6.2,1.5000000000015363
576,1991-02-28,27.0,1991,2,1,7.7,6.2,15.3,13.133333333333333,12.102203656084185
577,1991-03-31,11.0,1991,3,1,27.0,4.7,15.7,15.233333333333333,10.322951774242544
578,1991-04-30,5.5,1991,4,2,11.0,7.7,7.7,14.5,11.169153951844516
579,1991-05-31,2.8,1991,5,2,5.5,27.0,6.2,6.433333333333334,4.178915329764161
580,1991-06-30,3.1,1991,6,2,2.8,11.0,4.7,3.8000000000000003,1.4798648586964855
581,1991-07-31,2.6,1991,7,3,3.1,5.5,7.7,2.8333333333333335,0.2516611478519778
582,1991-08-31,1.3,1991,8,3,2.6,2.8,27.0,2.3333333333333335,0.9291573243203828
583,1991-09-30,1.8,1991,9,3,1.3,3.1,11.0,1.9000000000000001,0.655743852433946
584,1991-10-31,1.4,1991,10,4,1.8,2.6,5.5,1.5,0.2645751311158007
585,1991-11-30,0.4,1991,11,4,1.4,1.3,2.8,1.2,0.721110255096241
586,1991-12-31,0.6,1991,12,4,0.4,1.8,3.1,0.7999999999999999,0.529150262217639
587,1992-01-31,3.0,1992,1,1,0.6,1.4,2.6,1.3333333333333333,1.4468356276157595
588,1992-02-29,2.2,1992,2,1,3.0,0.4,1.3,1.9333333333333336,1.2220201853235664
589,1992-03-31,2.1,1992,3,1,2.2,0.6,1.8,2.4333333333333336,0.49328828623656334
590,1992-04-30,1.3,1992,4,2,2.1,3.0,1.4,1.866666666666667,0.4932882862366066
591,1992-05-31,0.7,1992,5,2,1.3,2.2,0.4,1.3666666666666665,0.7023769168603747
592,1992-06-30,0.8,1992,6,2,0.7,2.1,0.6,0.9333333333333332,0.32145502537418513
593,1992-07-31,1.7,1992,7,3,0.8,1.3,3.0,1.0666666666666667,0.5507570547331264
594,1992-08-31,1.5,1992,8,3,1.7,0.7,2.2,1.3333333333333333,0.4725815626305031
595,1992-09-30,1.0,1992,9,3,1.5,0.8,2.1,1.4000000000000001,0.36055512755326313
596,1992-10-31,1.3,1992,10,4,1.0,1.7,1.3,1.2666666666666666,0.25166114785221244
597,1992-11-30,0.5,1992,11,4,1.3,1.5,0.7,0.9333333333333332,0.40414518843890485
598,1992-12-31,0.3,1992,12,4,0.5,1.0,0.8,0.7000000000000001,0.5291502622176445
599,1993-01-31,0.8,1993,1,1,0.3,1.3,1.7,0.5333333333333333,0.25166114785232074
600,1993-02-28,0.7,1993,2,1,0.8,0.5,1.5,0.6,0.2645751311159258
601,1993-03-31,0.8,1993,3,1,0.7,0.3,1.0,0.7666666666666666,0.05773502696223688
602,1993-04-30,1.0,1993,4,2,0.8,0.8,1.3,0.8333333333333334,0.1527525231815345
603,1993-05-31,1.3,1993,5,2,1.0,0.7,0.5,1.0333333333333334,0.2516611478522465
604,1993-06-30,0.7,1993,6,2,1.3,0.8,0.3,1.0,0.3000000000082991
605,1993-07-31,0.3,1993,7,3,0.7,1.0,0.8,0.7666666666666666,0.5033222956896806
606,1993-08-31,0.0,1993,8,3,0.3,1.3,0.7,0.3333333333333333,0.3511884584355849
607,1993-09-30,0.8,1993,9,3,0.0,0.7,0.8,0.3666666666666667,0.404145188438957
608,1993-10-31,0.6,1993,10,4,0.8,0.3,1.0,0.4666666666666666,0.4163331998992545
609,1993-11-30,0.1,1993,11,4,0.6,0.0,1.3,0.5,0.36055512755335595
610,1993-12-31,0.0,1993,12,4,0.1,0.8,0.7,0.2333333333333333,0.321455025374266
611,1994-01-31,0.1,1994,1,1,0.0,0.6,0.3,0.06666666666666667,0.05773502696268924
612,1994-02-28,0.0,1994,2,1,0.1,0.1,0.0,0.03333333333333333,0.0577350269627108
613,1994-03-31,0.1,1994,3,1,0.0,0.0,0.8,0.06666666666666667,0.05773502696268925
614,1994-04-30,0.2,1994,4,2,0.1,0.1,0.6,0.10000000000000002,0.10000000002523315
615,1994-05-31,0.3,1994,5,2,0.2,0.0,0.1,0.19999999999999998,0.1000000000251958
616,1994-06-30,0.4,1994,6,2,0.3,0.1,0.0,0.3,0.10000000002515845
617,1994-07-31,0.9,1994,7,3,0.4,0.2,0.1,0.5333333333333333,0.3214550253742311
618,1994-08-31,0.2,1994,8,3,0.9,0.3,0.0,0.5000000000000001,0.36055512755335584
619,1994-09-30,0.7,1994,9,3,0.2,0.4,0.1,0.6,0.36055512755334546
620,1994-10-31,0.3,1994,10,4,0.7,0.9,0.2,0.39999999999999997,0.2645751311159539
621,1994-11-30,0.2,1994,11,4,0.3,0.2,0.3,0.4000000000000001,0.2645751311159539
622,1994-12-31,0.2,1994,12,4,0.2,0.7,0.4,0.2333333333333334,0.057735026962581384
623,1995-01-31,1.2,1995,1,1,0.2,0.3,0.9,0.5333333333333333,0.5773502691939681
624,1995-02-28,0.0,1995,2,1,1.2,0.2,0.2,0.46666666666666673,0.6429100507367671
625,1995-03-31,-0.4,1995,3,1,0.0,0.2,0.7,0.2666666666666667,0.832666399789476
626,1995-04-30,0.5,1995,4,2,-0.4,1.2,0.3,0.033333333333333326,0.4509249752878909
627,1995-05-31,0.0,1995,5,2,0.5,0.0,0.2,0.033333333333333326,0.4509249752878909
628,1995-06-30,-0.2,1995,6,2,0.0,-0.4,0.2,0.09999999999999999,0.3605551275533974
629,1995-07-31,0.4,1995,7,3,-0.2,0.5,1.2,0.06666666666666667,0.30550504633865305
630,1995-08-31,-0.2,1995,8,3,0.4,0.0,0.0,0.0,0.34641016152107057
631,1995-09-30,0.2,1995,9,3,-0.2,-0.2,-0.4,0.13333333333333333,0.30550504633864484
632,1995-10-31,0.3,1995,10,4,0.2,0.4,0.5,0.09999999999999999,0.2645751311159964
633,1995-11-30,-0.2,1995,11,4,0.3,-0.2,0.0,0.09999999999999999,0.26457513111599645
634,1995-12-31,0.1,1995,12,4,-0.2,0.2,-0.2,0.06666666666666667,0.2516611478523901
635,1996-01-31,0.3,1996,1,1,0.1,0.3,0.4,0.06666666666666667,0.2516611478523901
636,1996-02-29,-0.3,1996,2,1,0.3,-0.2,-0.2,0.03333333333333335,0.3055050463386571
637,1996-03-31,-0.5,1996,3,1,-0.3,0.1,0.2,-0.16666666666666666,0.4163331998993115
638,1996-04-30,0.0,1996,4,2,-0.5,0.3,0.3,-0.26666666666666666,0.2516611478524398
639,1996-05-31,-0.1,1996,5,2,0.0,-0.3,-0.2,-0.19999999999999998,0.264575131116039
640,1996-06-30,0.0,1996,6,2,-0.1,-0.5,0.1,-0.03333333333333333,0.057735026962755044
641,1996-07-31,0.5,1996,7,3,0.0,0.0,0.3,0.13333333333333333,0.3214550253742777
642,1996-08-31,-0.1,1996,8,3,0.5,-0.1,-0.3,0.13333333333333333,0.3214550253742777
643,1996-09-30,0.2,1996,9,3,-0.1,0.0,-0.5,0.19999999999999998,0.3000000000083987
644,1996-10-31,0.5,1996,10,4,0.2,0.5,0.0,0.19999999999999998,0.3000000000083987
645,1996-11-30,-0.2,1996,11,4,0.5,-0.1,-0.1,0.16666666666666666,0.3511884584356027
646,1996-12-31,-0.3,1996,12,4,-0.2,0.2,0.0,-1.850371707708594e-17,0.4358898943598649
647,1997-01-31,0.5,1997,1,1,-0.3,0.5,0.5,0.0,0.4358898943598649
648,1997-02-28,0.4,1997,2,1,0.5,-0.2,-0.1,0.19999999999999998,0.43588989435984776
649,1997-03-31,-0.5,1997,3,1,0.4,-0.3,0.2,0.1333333333333333,0.5507570547331896
650,1997-04-30,-0.3,1997,4,2,-0.5,0.5,0.5,-0.13333333333333333,0.47258156263061885
651,1997-05-31,-0.1,1997,5,2,-0.3,0.4,-0.2,-0.3,0.20000000001269172
652,1997-06-30,0.2,1997,6,2,-0.1,-0.5,-0.3,-0.06666666666666668,0.25166114785240995
653,1997-07-31,0.2,1997,7,3,0.2,-0.3,0.5,0.09999999999999998,0.1732050807714563
654,1997-08-31,0.2,1997,8,3,0.2,-0.1,0.4,0.2,0.0
655,1997-09-30,0.0,1997,9,3,0.2,0.2,-0.5,0.13333333333333333,0.11547005385976719
656,1997-10-31,-0.2,1997,10,4,0.0,0.2,-0.3,-1.850371707708594e-17,0.20000000001263551
657,1997-11-30,-0.2,1997,11,4,-0.2,0.2,-0.1,-0.13333333333333336,0.11547005385985376
658,1997-12-31,0.2,1997,12,4,-0.2,0.0,0.2,-0.0666666666666667,0.2309401076868038
659,1998-01-31,0.6,1998,1,1,0.2,-0.2,0.2,0.19999999999999996,0.40000000000629904
660,1998-02-28,0.3,1998,2,1,0.6,-0.2,0.2,0.36666666666666664,0.20816659995868708
661,1998-03-31,-0.1,1998,3,1,0.3,0.2,0.0,0.26666666666666666,0.35118845843559204
662,1998-04-30,0.0,1998,4,2,-0.1,0.6,-0.2,0.06666666666666667,0.20816659995874118
663,1998-05-31,-0.1,1998,5,2,0.0,0.3,-0.2,-0.06666666666666667,0.05773502696277714
664,1998-06-30,0.2,1998,6,2,-0.1,-0.1,0.2,0.03333333333333333,0.15275252318173047
665,1998-07-31,0.3,1998,7,3,0.2,0.0,0.6,0.13333333333333333,0.2081665999587292
666,1998-08-31,0.0,1998,8,3,0.3,-0.1,0.3,0.16666666666666666,0.15275252318169769
667,1998-09-30,0.0,1998,9,3,0.0,0.2,-0.1,0.09999999999999998,0.17320508077145647
668,1998-10-31,-0.4,1998,10,4,0.0,0.3,0.0,-0.13333333333333333,0.23094010768681475
669,1998-11-30,-0.2,1998,11,4,-0.4,0.0,-0.1,-0.20000000000000004,0.20000000001267315
670,1998-12-31,0.0,1998,12,4,-0.2,0.0,0.2,-0.20000000000000004,0.20000000001267318
671,1999-01-31,0.5,1999,1,1,0.0,-0.4,0.3,0.09999999999999998,0.3605551275533976
672,1999-02-28,-0.2,1999,2,1,0.5,-0.2,0.0,0.09999999999999998,0.3605551275533976
673,1999-03-31,-0.8,1999,3,1,-0.2,0.0,0.0,-0.1666666666666667,0.6506407098686648
674,1999-04-30,-0.1,1999,4,2,-0.8,0.5,-0.4,-0.3666666666666667,0.3785938897267297
675,1999-05-31,-0.5,1999,5,2,-0.1,-0.2,-0.2,-0.4666666666666666,0.35118845843567054
676,1999-06-30,0.0,1999,6,2,-0.5,-0.8,0.0,-0.19999999999999998,0.2645751311160391
677,1999-07-31,0.2,1999,7,3,0.0,-0.1,0.5,-0.09999999999999999,0.36055512755341834
678,1999-08-31,-0.4,1999,8,3,0.2,-0.5,-0.2,-0.06666666666666667,0.30550504633866954
679,1999-09-30,-0.2,1999,9,3,-0.4,0.0,-0.8,-0.13333333333333333,0.30550504633867775
680,1999-10-31,0.0,1999,10,4,-0.2,0.2,-0.1,-0.20000000000000004,0.20000000001267326
681,1999-11-30,-0.3,1999,11,4,0.0,-0.4,-0.5,-0.16666666666666666,0.15275252318177962
682,1999-12-31,-0.1,1999,12,4,-0.3,-0.2,0.0,-0.13333333333333333,0.1527525231817714
683,2000-01-31,0.8,2000,1,1,-0.1,0.0,0.2,0.13333333333333333,0.585946527712536
684,2000-02-29,0.0,2000,2,1,0.8,-0.3,-0.4,0.2333333333333333,0.49328828623673
685,2000-03-31,-0.5,2000,3,1,0.0,-0.1,-0.2,0.10000000000000002,0.6557438524340482
686,2000-04-30,-0.1,2000,4,2,-0.5,0.8,0.0,-0.19999999999999998,0.26457513111603903
687,2000-05-31,-0.4,2000,5,2,-0.1,0.0,-0.3,-0.3333333333333333,0.2081665999588133
688,2000-06-30,-0.2,2000,6,2,-0.4,-0.5,-0.1,-0.2333333333333333,0.15275252318179586
689,2000-07-31,0.4,2000,7,3,-0.2,-0.1,0.8,-0.06666666666666667,0.41633319989930245
690,2000-08-31,-0.2,2000,8,3,0.4,-0.4,0.0,0.0,0.34641016152107057
691,2000-09-30,-0.2,2000,9,3,-0.2,-0.2,-0.5,0.0,0.34641016152107057
692,2000-10-31,0.2,2000,10,4,-0.2,0.4,-0.1,-0.06666666666666667,0.2309401076868038
693,2000-11-30,-0.5,2000,11,4,0.2,-0.2,-0.4,-0.16666666666666666,0.35118845843563834
694,2000-12-31,-0.1,2000,12,4,-0.5,-0.2,-0.2,-0.13333333333333333,0.3511884584356348
695,2001-01-31,0.1,2001,1,1,-0.1,0.2,0.4,-0.16666666666666666,0.3055050463386817
696,2001-02-28,-0.2,2001,2,1,0.1,-0.5,-0.2,-0.0666666666666667,0.1527525231817549
697,2001-03-31,0.2,2001,3,1,-0.2,-0.1,-0.2,0.03333333333333332,0.20816659995874712
698,2001-04-30,0.7,2001,4,2,0.2,0.1,0.2,0.2333333333333333,0.45092497528787423
699,2001-05-31,0.1,2001,5,2,0.7,-0.2,-0.5,0.3333333333333333,0.3214550253742543
700,2001-06-30,-0.7,2001,6,2,0.1,0.2,-0.1,0.033333333333333326,0.7023769168604453
701,2001-07-31,-0.3,2001,7,3,-0.7,0.7,0.1,-0.3,0.40000000000634606
702,2001-08-31,-0.4,2001,8,3,-0.3,0.1,-0.2,-0.4666666666666666,0.2081665999588376
703,2001-09-30,-0.1,2001,9,3,-0.4,-0.7,0.2,-0.26666666666666666,0.15275252318180443
704,2001-10-31,-0.4,2001,10,4,-0.1,-0.3,0.7,-0.3,0.1732050807715434
705,2001-11-30,-0.3,2001,11,4,-0.4,-0.4,0.1,-0.26666666666666666,0.15275252318180443
706,2001-12-31,-0.1,2001,12,4,-0.3,-0.1,-0.7,-0.26666666666666666,0.15275252318180443
707,2002-01-31,2.3,2002,1,1,-0.1,-0.4,-0.3,0.6333333333333333,1.4468356276157772
708,2002-02-28,3.1,2002,2,1,2.3,-0.3,-0.4,1.7666666666666666,1.665332799574384
709,2002-03-31,4.0,2002,3,1,3.1,-0.1,-0.1,3.1333333333333333,0.8504900548143718
710,2002-04-30,10.4,2002,4,2,4.0,2.3,-0.4,5.833333333333333,3.980368492154709
711,2002-05-31,4.0,2002,5,2,10.4,3.1,-0.3,6.133333333333333,3.6950417228142265
712,2002-06-30,3.6,2002,6,2,4.0,4.0,-0.1,6.0,3.8157568056683857
713,2002-07-31,3.2,2002,7,3,3.6,10.4,2.3,3.6,0.4000000000059823
714,2002-08-31,2.3,2002,8,3,3.2,4.0,3.1,3.033333333333333,0.6658328118515662
715,2002-09-30,1.4,2002,9,3,2.3,3.6,4.0,2.3000000000000003,0.9000000000027144
716,2002-10-31,0.2,2002,10,4,1.4,3.2,10.4,1.3,1.053565375287629
717,2002-11-30,0.5,2002,11,4,0.2,2.3,4.0,0.7000000000000001,0.6244997998438502
718,2002-12-31,0.2,2002,12,4,0.5,1.4,3.6,0.3,0.17320508077143615
719,2003-01-31,1.3,2003,1,1,0.2,0.2,3.2,0.6666666666666666,0.5686240703121395
720,2003-02-28,0.6,2003,2,1,1.3,0.5,2.3,0.7000000000000001,0.5567764362875004
721,2003-03-31,0.6,2003,3,1,0.6,0.2,1.4,0.8333333333333334,0.40414518843892244
722,2003-04-30,0.1,2003,4,2,0.6,1.3,0.2,0.43333333333333335,0.288675134603524
723,2003-05-31,-0.4,2003,5,2,0.1,0.6,0.5,0.09999999999999998,0.500000000005055
724,2003-06-30,-0.1,2003,6,2,-0.4,0.6,0.2,-0.13333333333333333,0.25166114785243704
725,2003-07-31,0.4,2003,7,3,-0.1,0.1,1.3,-0.033333333333333326,0.40414518843900454
726,2003-08-31,0.0,2003,8,3,0.4,-0.4,0.6,0.10000000000000002,0.264575131116012
727,2003-09-30,0.0,2003,9,3,0.0,-0.1,0.6,0.13333333333333333,0.23094010768678905
728,2003-10-31,0.6,2003,10,4,0.0,0.4,0.1,0.19999999999999998,0.3464101615210606
729,2003-11-30,0.2,2003,11,4,0.6,0.0,-0.4,0.26666666666666666,0.3055050463386415
730,2003-12-31,0.2,2003,12,4,0.2,0.0,-0.1,0.3333333333333333,0.23094010768675585
731,2004-01-31,0.4,2004,1,1,0.2,0.6,0.4,0.26666666666666666,0.11547005385975842
732,2004-02-29,0.1,2004,2,1,0.4,0.2,0.0,0.23333333333333336,0.15275252318170743
733,2004-03-31,0.6,2004,3,1,0.1,0.2,0.0,0.3666666666666667,0.2516611478523608
734,2004-04-30,0.9,2004,4,2,0.6,0.4,0.6,0.5333333333333333,0.40414518843895075
735,2004-05-31,0.7,2004,5,2,0.9,0.1,0.2,0.7333333333333333,0.1527525231815819
736,2004-06-30,0.6,2004,6,2,0.7,0.6,0.2,0.7333333333333334,0.1527525231815819
737,2004-07-31,0.5,2004,7,3,0.6,0.9,0.4,0.6,0.100000000025083
738,2004-08-31,0.3,2004,8,3,0.5,0.7,0.1,0.46666666666666673,0.15275252318164875
739,2004-09-30,0.6,2004,9,3,0.3,0.6,0.6,0.4666666666666666,0.15275252318164875
740,2004-10-31,0.4,2004,10,4,0.6,0.5,0.9,0.4333333333333333,0.1527525231816571
741,2004-11-30,0.0,2004,11,4,0.4,0.3,0.7,0.3333333333333333,0.30550504633863307
742,2004-12-31,0.8,2004,12,4,0.0,0.6,0.6,0.4000000000000001,0.4000000000062899
743,2005-01-31,1.5,2005,1,1,0.8,0.4,0.5,0.7666666666666667,0.750555349949847
744,2005-02-28,0.9,2005,2,1,1.5,0.0,0.3,1.0666666666666667,0.3785938897265965
745,2005-03-31,1.5,2005,3,1,0.9,0.8,0.6,1.3,0.3464101615209391
746,2005-04-30,0.5,2005,4,2,1.5,1.5,0.4,0.9666666666666668,0.5033222956896725
747,2005-05-31,0.6,2005,5,2,0.5,0.9,0.0,0.8666666666666667,0.5507570547331461
748,2005-06-30,0.9,2005,6,2,0.6,1.5,0.8,0.6666666666666666,0.20816659995865067
749,2005-07-31,1.0,2005,7,3,0.9,0.5,1.5,0.8333333333333334,0.20816659995862008
750,2005-08-31,0.4,2005,8,3,1.0,0.6,0.9,0.7666666666666666,0.32145502537421505
751,2005-09-30,1.2,2005,9,3,0.4,0.9,1.5,0.8666666666666667,0.41633319989922685
752,2005-10-31,0.8,2005,10,4,1.2,1.0,0.5,0.8000000000000002,0.4000000000062517
753,2005-11-30,1.2,2005,11,4,0.8,0.4,0.6,1.0666666666666667,0.23094010768663448
754,2005-12-31,1.1,2005,12,4,1.2,1.2,0.9,1.0333333333333334,0.20816659995858341
755,2006-01-31,1.3,2006,1,1,1.1,0.8,1.0,1.2,0.10000000002485436
756,2006-02-28,0.4,2006,2,1,1.3,1.2,0.4,0.9333333333333335,0.47258156263054174
757,2006-03-31,1.2,2006,3,1,0.4,1.1,1.2,0.9666666666666667,0.49328828623668136
758,2006-04-30,1.0,2006,4,2,1.2,1.3,0.8,0.8666666666666666,0.416333199899227
759,2006-05-31,0.5,2006,5,2,1.0,0.4,1.2,0.9,0.3605551275533242
760,2006-06-30,0.5,2006,6,2,0.5,1.2,1.1,0.6666666666666666,0.2886751346034936
761,2006-07-31,0.6,2006,7,3,0.5,1.0,1.3,0.5333333333333332,0.057735026962454736
762,2006-08-31,0.6,2006,8,3,0.6,0.5,0.4,0.5666666666666665,0.05773502696243252
763,2006-09-30,0.9,2006,9,3,0.6,0.5,1.2,0.6999999999999998,0.17320508077134805
764,2006-10-31,0.9,2006,10,4,0.9,0.6,1.0,0.7999999999999998,0.17320508077132576
765,2006-11-30,0.7,2006,11,4,0.9,0.6,0.5,0.8333333333333334,0.11547005385957101
766,2006-12-31,1.0,2006,12,4,0.7,0.9,0.5,0.8666666666666666,0.15275252318154894
767,2007-01-31,1.1,2007,1,1,1.0,0.9,0.6,0.9333333333333332,0.20816659995860165
768,2007-02-28,0.3,2007,2,1,1.1,0.7,0.6,0.7999999999999998,0.4358898943598045
769,2007-03-31,0.8,2007,3,1,0.3,1.0,0.9,0.7333333333333334,0.40414518843893227
770,2007-04-30,0.7,2007,4,2,0.8,1.1,0.9,0.6,0.2645751311159405
771,2007-05-31,0.4,2007,5,2,0.7,0.3,0.7,0.6333333333333333,0.20816659995865772
772,2007-06-30,0.4,2007,6,2,0.4,0.8,1.0,0.49999999999999994,0.17320508077139327
773,2007-07-31,0.5,2007,7,3,0.4,0.7,1.1,0.4333333333333333,0.05773502696252426
774,2007-08-31,0.6,2007,8,3,0.5,0.4,0.3,0.49999999999999994,0.10000000002512435
775,2007-09-30,0.8,2007,9,3,0.6,0.4,0.8,0.6333333333333332,0.1527525231816085
776,2007-10-31,0.7,2007,10,4,0.8,0.5,0.7,0.6999999999999998,0.1000000000250466
777,2007-11-30,0.9,2007,11,4,0.7,0.6,0.4,0.7999999999999999,0.10000000002500771
778,2007-12-31,0.9,2007,12,4,0.9,0.8,0.4,0.8333333333333334,0.11547005385957125
779,2008-01-31,0.9,2008,1,1,0.9,0.7,0.5,0.9,0.0
780,2008-02-29,0.5,2008,2,1,0.9,0.9,0.6,0.7666666666666666,0.2309401076866845
781,2008-03-31,1.1,2008,3,1,0.5,0.9,0.8,0.8333333333333334,0.3055050463385708
782,2008-04-30,0.8,2008,4,2,1.1,0.9,0.7,0.7999999999999999,0.3000000000083359
783,2008-05-31,0.6,2008,5,2,0.8,0.5,0.9,0.8333333333333334,0.25166114785229027
784,2008-06-30,0.6,2008,6,2,0.6,1.1,0.9,0.6666666666666666,0.11547005385962694
785,2008-07-31,0.4,2008,7,3,0.6,0.8,0.9,0.5333333333333332,0.11547005385967136
786,2008-08-31,0.5,2008,8,3,0.4,0.6,0.5,0.49999999999999994,0.10000000002512317
787,2008-09-30,0.5,2008,9,3,0.5,0.6,1.1,0.4666666666666666,0.057735026962499436
788,2008-10-31,0.4,2008,10,4,0.5,0.4,0.8,0.4666666666666666,0.05773502696249941
789,2008-11-30,0.3,2008,11,4,0.4,0.5,0.6,0.3999999999999999,0.10000000002516159
790,2008-12-31,0.3,2008,12,4,0.3,0.5,0.6,0.33333333333333326,0.057735026962588
791,2009-01-31,0.5,2009,1,1,0.3,0.4,0.4,0.36666666666666653,0.11547005385972678
792,2009-02-28,0.4,2009,2,1,0.5,0.3,0.5,0.3999999999999999,0.10000000002516157
793,2009-03-31,0.6,2009,3,1,0.4,0.3,0.5,0.49999999999999994,0.1000000000251232
794,2009-04-30,0.3,2009,4,2,0.6,0.5,0.4,0.4333333333333333,0.15275252318165838
795,2009-05-31,0.3,2009,5,2,0.3,0.4,0.3,0.3999999999999999,0.17320508077141475
796,2009-06-30,0.4,2009,6,2,0.3,0.6,0.3,0.33333333333333326,0.057735026962587976
797,2009-07-31,0.6,2009,7,3,0.4,0.3,0.5,0.4333333333333333,0.15275252318165836
798,2009-08-31,0.8,2009,8,3,0.6,0.3,0.4,0.6,0.20000000001254234
799,2009-09-30,0.7,2009,9,3,0.8,0.4,0.6,0.6999999999999998,0.10000000002504633
800,2009-10-31,0.8,2009,10,4,0.7,0.6,0.3,0.7666666666666666,0.057735026962299735
801,2009-11-30,0.8,2009,11,4,0.8,0.8,0.3,0.7666666666666666,0.057735026962299735
802,2009-12-31,0.9,2009,12,4,0.8,0.7,0.4,0.8333333333333334,0.05773502696225531
803,2010-01-31,1.0,2010,1,1,0.9,0.8,0.6,0.8999999999999999,0.10000000002496941
804,2010-02-28,1.2,2010,2,1,1.0,0.8,0.8,1.0333333333333332,0.1527525231815074
805,2010-03-31,1.1,2010,3,1,1.2,0.9,0.7,1.0999999999999999,0.10000000002489245
806,2010-04-30,0.8,2010,4,2,1.1,1.0,0.8,1.0333333333333334,0.20816659995858353
807,2010-05-31,0.7,2010,5,2,0.8,1.2,0.8,0.8666666666666667,0.20816659995861436
808,2010-06-30,0.7,2010,6,2,0.7,1.1,0.9,0.7333333333333334,0.05773502696232179
809,2010-07-31,0.8,2010,7,3,0.7,0.8,1.0,0.7333333333333334,0.05773502696232179
810,2010-08-31,0.7,2010,8,3,0.8,0.7,1.2,0.7333333333333334,0.05773502696232179
811,2010-09-30,0.7,2010,9,3,0.7,0.7,1.1,0.7333333333333334,0.05773502696232179
812,2010-10-31,0.8,2010,10,4,0.7,0.8,0.8,0.7333333333333334,0.05773502696232179
813,2010-11-30,0.7,2010,11,4,0.8,0.7,0.7,0.7333333333333334,0.05773502696232179
814,2010-12-31,0.8,2010,12,4,0.7,0.7,0.7,0.7666666666666666,0.05773502696229962
815,2011-01-31,0.7,2011,1,1,0.8,0.8,0.8,0.7333333333333334,0.05773502696232179
816,2011-02-28,0.7,2011,2,1,0.7,0.7,0.7,0.7333333333333334,0.05773502696232179
817,2011-03-31,0.8,2011,3,1,0.7,0.8,0.7,0.7333333333333334,0.05773502696232179
818,2011-04-30,0.8,2011,4,2,0.8,0.7,0.8,0.7666666666666666,0.05773502696229962
819,2011-05-31,0.7,2011,5,2,0.8,0.7,0.7,0.7666666666666666,0.05773502696229962
820,2011-06-30,0.7,2011,6,2,0.7,0.8,0.8,0.7333333333333334,0.05773502696232179
821,2011-07-31,0.8,2011,7,3,0.7,0.8,0.7,0.7333333333333334,0.05773502696232179
822,2011-08-31,0.8,2011,8,3,0.8,0.7,0.7,0.7666666666666666,0.05773502696229962
823,2011-09-30,0.8,2011,9,3,0.8,0.7,0.8,0.8,0.0
824,2011-10-31,0.6,2011,10,4,0.8,0.8,0.8,0.7333333333333334,0.11547005385960477
825,2011-11-30,0.6,2011,11,4,0.6,0.8,0.7,0.6666666666666666,0.11547005385962691
826,2011-12-31,0.8,2011,12,4,0.6,0.8,0.7,0.6666666666666666,0.11547005385962691
827,2012-01-31,0.9,2012,1,1,0.8,0.6,0.8,0.7666666666666666,0.15275252318157453
828,2012-02-29,0.7,2012,2,1,0.9,0.6,0.8,0.7999999999999999,0.10000000002500788
829,2012-03-31,0.9,2012,3,1,0.7,0.8,0.8,0.8333333333333334,0.11547005385957154
830,2012-04-30,0.8,2012,4,2,0.9,0.9,0.6,0.8000000000000002,0.10000000002500788
831,2012-05-31,0.8,2012,5,2,0.8,0.7,0.6,0.8333333333333334,0.05773502696225525
832,2012-06-30,0.7,2012,6,2,0.8,0.9,0.8,0.7666666666666666,0.05773502696229956
833,2012-07-31,0.8,2012,7,3,0.7,0.8,0.9,0.7666666666666666,0.05773502696229956
834,2012-08-31,0.9,2012,8,3,0.8,0.8,0.7,0.7999999999999999,0.10000000002500782
835,2012-09-30,0.9,2012,9,3,0.9,0.7,0.9,0.8666666666666667,0.057735026962233045
836,2012-10-31,0.8,2012,10,4,0.9,0.8,0.8,0.8666666666666667,0.057735026962233045
837,2012-11-30,0.9,2012,11,4,0.8,0.9,0.8,0.8666666666666667,0.057735026962233045
838,2012-12-31,1.0,2012,12,4,0.9,0.9,0.7,0.9,0.10000000002496945
839,2013-01-31,1.1,2013,1,1,1.0,0.8,0.8,1.0,0.10000000002493117
840,2013-02-28,0.5,2013,2,1,1.1,0.9,0.9,0.8666666666666667,0.3214550253742034
841,2013-03-31,0.7,2013,3,1,0.5,1.0,0.9,0.7666666666666666,0.30550504633857917
842,2013-04-30,0.7,2013,4,2,0.7,1.1,0.8,0.6333333333333333,0.11547005385963728
843,2013-05-31,0.7,2013,5,2,0.7,0.5,0.9,0.7,0.0
844,2013-06-30,0.8,2013,6,2,0.7,0.7,1.0,0.7333333333333334,0.057735026962320794
845,2013-07-31,0.9,2013,7,3,0.8,0.7,1.1,0.7999999999999999,0.10000000002500742
846,2013-08-31,0.8,2013,8,3,0.9,0.7,0.5,0.8333333333333334,0.057735026962254576
847,2013-09-30,0.8,2013,9,3,0.8,0.8,0.7,0.8333333333333334,0.057735026962254576
848,2013-10-31,0.9,2013,10,4,0.8,0.9,0.7,0.8333333333333334,0.057735026962254576
849,2013-11-30,0.9,2013,11,4,0.9,0.8,0.7,0.8666666666666667,0.057735026962232476
850,2013-12-31,1.4,2013,12,4,0.9,0.8,0.8,1.0666666666666667,0.2886751346034403
851,2014-01-31,3.6,2014,1,1,1.4,0.9,0.9,1.9666666666666668,1.436430761762726
852,2014-02-28,3.4,2014,2,1,3.6,0.9,0.8,2.8000000000000003,1.2165525060616367
853,2014-03-31,2.6,2014,3,1,3.4,1.4,0.8,3.1999999999999997,0.529150262217471
854,2014-04-30,1.8,2014,4,2,2.6,3.6,0.9,2.6,0.8000000000030395
855,2014-05-31,1.4,2014,5,2,1.8,3.4,0.9,1.9333333333333333,0.6110100926647992
856,2014-06-30,1.3,2014,6,2,1.4,2.6,1.4,1.5,0.26457513111580505
857,2014-07-31,1.4,2014,7,3,1.3,1.8,3.6,1.3666666666666665,0.05773502696187735
858,2014-08-31,1.3,2014,8,3,1.4,1.4,3.4,1.3333333333333333,0.057735026961898965
859,2014-09-30,1.4,2014,9,3,1.3,1.3,2.6,1.3666666666666665,0.05773502696187735
860,2014-10-31,1.2,2014,10,4,1.4,1.4,1.8,1.3,0.10000000002480182
861,2014-11-30,1.1,2014,11,4,1.2,1.3,1.4,1.2333333333333332,0.15275252318144752
862,2014-12-31,1.0,2014,12,4,1.1,1.4,1.3,1.0999999999999999,0.10000000002487663
863,2015-01-31,1.1,2015,1,1,1.0,1.2,1.4,1.0666666666666667,0.05773502696207189
864,2015-02-28,0.9,2015,2,1,1.1,1.1,1.3,1.0,0.1000000000249142
865,2015-03-31,1.3,2015,3,1,0.9,1.0,1.4,1.1,0.20000000001243826
866,2015-04-30,1.1,2015,4,2,1.3,1.1,1.2,1.1,0.20000000001243826
867,2015-05-31,1.0,2015,5,2,1.1,0.9,1.1,1.1333333333333335,0.1527525231814719
868,2015-06-30,1.0,2015,6,2,1.0,1.3,1.0,1.0333333333333334,0.05773502696209307
869,2015-07-31,1.3,2015,7,3,1.0,1.1,1.1,1.0999999999999999,0.17320508077125019
870,2015-08-31,1.2,2015,8,3,1.3,1.0,0.9,1.1666666666666667,0.15275252318146382
871,2015-09-30,1.2,2015,9,3,1.2,1.0,1.3,1.2333333333333334,0.057735026961963566
872,2015-10-31,1.1,2015,10,4,1.2,1.3,1.1,1.1666666666666667,0.057735026962006705
873,2015-11-30,2.0,2015,11,4,1.1,1.2,1.0,1.4333333333333333,0.49328828623664245
874,2015-12-31,3.9,2015,12,4,2.0,1.2,1.0,2.3333333333333335,1.4294521094944792
875,2016-01-31,4.1,2016,1,1,3.9,1.1,1.3,3.3333333333333335,1.1590225767163223
876,2016-02-29,2.7,2016,2,1,4.1,2.0,1.2,3.5666666666666664,0.7571877794432014
877,2016-03-31,3.0,2016,3,1,2.7,3.9,1.2,3.266666666666667,0.7371114795864653
878,2016-04-30,3.4,2016,4,2,3.0,4.1,1.1,3.033333333333333,0.35118845843530416
879,2016-05-31,4.2,2016,5,2,3.4,2.7,2.0,3.5333333333333337,0.6110100926647026
880,2016-06-30,3.1,2016,6,2,4.2,3.0,3.9,3.566666666666667,0.568624070311947
881,2016-07-31,2.0,2016,7,3,3.1,3.4,4.1,3.1,1.1000000000021941
882,2016-08-31,0.2,2016,8,3,2.0,4.2,2.7,1.7666666666666668,1.4640127504015317
883,2016-09-30,1.1,2016,9,3,0.2,3.1,3.0,1.1000000000000003,0.9000000000027626
884,2016-10-31,2.4,2016,10,4,1.1,2.0,3.4,1.2333333333333336,1.1060440015380475
885,2016-11-30,1.6,2016,11,4,2.4,0.2,4.2,1.7000000000000004,0.6557438524339583
886,2016-12-31,1.2,2016,12,4,1.6,1.1,3.1,1.7333333333333336,0.6110100926648101
887,2017-01-31,1.3,2017,1,1,1.2,2.4,2.0,1.3666666666666671,0.20816659995851053
888,2017-02-28,2.5,2017,2,1,1.3,1.6,0.2,1.666666666666667,0.7234178138104318
889,2017-03-31,2.4,2017,3,1,2.5,1.2,1.1,2.066666666666667,0.6658328118516205
890,2017-04-30,2.6,2017,4,2,2.4,1.3,2.4,2.5000000000000004,0.1000000000243542
891,2017-05-31,1.3,2017,5,2,2.6,2.5,1.6,2.1,0.7000000000034997
892,2017-06-30,1.2,2017,6,2,1.3,2.4,1.2,1.7000000000000004,0.7810249675938207
893,2017-07-31,1.7,2017,7,3,1.2,2.6,1.3,1.4000000000000004,0.2645751311158141
894,2017-08-31,1.4,2017,8,3,1.7,1.3,2.5,1.4333333333333336,0.2516611478521886
895,2017-09-30,1.9,2017,9,3,1.4,1.2,2.4,1.666666666666667,0.25166114785215515
896,2017-10-31,1.5,2017,10,4,1.9,1.7,2.6,1.6000000000000003,0.2645751311157868
897,2017-11-30,1.4,2017,11,4,1.5,1.4,1.3,1.6000000000000003,0.2645751311157868
898,2017-12-31,3.1,2017,12,4,1.4,1.9,1.2,2.0000000000000004,0.9539392014195177
899,2018-01-31,1.8,2018,1,1,3.1,1.5,1.7,2.1,0.8888194417343153
900,2018-02-28,2.4,2018,2,1,1.8,1.4,1.4,2.433333333333334,0.6506407098685181
901,2018-03-31,2.3,2018,3,1,2.4,3.1,1.9,2.166666666666667,0.3214550253740456
902,2018-04-30,2.7,2018,4,2,2.3,1.8,1.5,2.4666666666666672,0.20816659995831938
903,2018-05-31,2.1,2018,5,2,2.7,2.4,1.4,2.366666666666667,0.3055050463383773
904,2018-06-30,3.7,2018,6,2,2.1,2.3,3.1,2.833333333333334,0.8082903768684748
905,2018-07-31,3.1,2018,7,3,3.7,2.7,1.8,2.9666666666666672,0.808290376868469
906,2018-08-31,3.9,2018,8,3,3.1,2.1,2.4,3.566666666666667,0.4163331998989861
907,2018-09-30,6.5,2018,9,3,3.9,3.7,2.3,4.5,1.7776388834644479
908,2018-10-31,5.4,2018,10,4,6.5,3.1,2.7,5.266666666666667,1.3051181300319168
909,2018-11-30,3.2,2018,11,4,5.4,3.9,2.1,5.033333333333334,1.680277754818537
910,2018-12-31,2.6,2018,12,4,3.2,6.5,3.7,3.733333333333334,1.4742229591680212
911,2019-01-31,2.9,2019,1,1,2.6,5.4,3.1,2.9,0.3000000000080718
912,2019-02-28,3.8,2019,2,1,2.9,3.2,3.9,3.1,0.624499799843706
913,2019-03-31,4.7,2019,3,1,3.8,2.6,6.5,3.8000000000000003,0.9000000000026555
914,2019-04-30,3.4,2019,4,2,4.7,2.9,5.4,3.966666666666667,0.6658328118515199
915,2019-05-31,3.1,2019,5,2,3.4,3.8,3.2,3.733333333333334,0.850490054814351
916,2019-06-30,2.7,2019,6,2,3.1,4.7,2.6,3.0666666666666664,0.35118845843530344
917,2019-07-31,2.2,2019,7,3,2.7,3.4,2.9,2.6666666666666665,0.45092497528767844
918,2019-08-31,4.0,2019,8,3,2.2,3.1,3.8,2.966666666666667,0.9291573243203608
919,2019-09-30,5.9,2019,9,3,4.0,2.7,4.7,4.033333333333334,1.850225211518343
920,2019-10-31,3.3,2019,10,4,5.9,2.2,3.4,4.4,1.3453624047091322
921,2019-11-30,4.3,2019,11,4,3.3,4.0,3.1,4.5,1.311487704862204
922,2019-12-31,3.7,2019,12,4,4.3,5.9,2.7,3.766666666666667,0.5033222956894666
923,2020-01-31,2.3,2020,1,1,3.7,3.3,2.2,3.433333333333333,1.0263202878917175
924,2020-02-29,2.0,2020,2,1,2.3,4.3,4.0,2.6666666666666665,0.9073771725904235
925,2020-03-31,3.3,2020,3,1,2.0,3.7,5.9,2.533333333333333,0.6806859285589795
926,2020-04-30,1.5,2020,4,2,3.3,2.3,3.3,2.2666666666666666,0.9291573243203856
927,2020-05-31,1.5,2020,5,2,1.5,2.0,4.3,2.1,1.039230484543682
928,2020-06-30,2.2,2020,6,2,1.5,3.3,3.7,1.7333333333333334,0.4041451884388268
929,2020-07-31,1.9,2020,7,3,2.2,1.5,2.3,1.8666666666666665,0.35118845843541846
930,2020-08-31,2.7,2020,8,3,1.9,1.5,2.0,2.266666666666667,0.4041451884387815
931,2020-09-30,2.8,2020,9,3,2.7,2.2,3.3,2.466666666666667,0.49328828623656207
932,2020-10-31,3.8,2020,10,4,2.8,1.9,1.5,3.0999999999999996,0.6082762530337902
933,2020-11-30,3.2,2020,11,4,3.8,2.7,1.5,3.266666666666667,0.5033222956895012
934,2020-12-31,4.0,2020,12,4,3.2,2.8,2.2,3.6666666666666665,0.41633319989897816
935,2021-01-31,4.0,2021,1,1,4.0,3.8,1.9,3.733333333333334,0.4618802153568802
936,2021-02-28,3.6,2021,2,1,4.0,3.2,2.7,3.8666666666666667,0.23094010768618997
937,2021-03-31,4.8,2021,3,1,3.6,4.0,2.8,4.133333333333333,0.6110100926646718
938,2021-04-30,4.1,2021,4,2,4.8,4.0,3.8,4.166666666666667,0.6027713773381153
939,2021-05-31,3.3,2021,5,2,4.1,3.6,3.2,4.066666666666666,0.7505553499496861
940,2021-06-30,3.2,2021,6,2,3.3,4.8,4.0,3.533333333333333,0.4932882862364892
941,2021-07-31,3.0,2021,7,3,3.2,4.1,4.0,3.1666666666666665,0.15275252318098742
942,2021-08-31,2.5,2021,8,3,3.0,3.3,3.6,2.9,0.36055512755311514
943,2021-09-30,3.5,2021,9,3,2.5,3.2,4.8,3.0,0.5000000000048361
944,2021-10-31,3.5,2021,10,4,3.5,3.0,4.1,3.1666666666666665,0.577350269193804
945,2021-11-30,2.5,2021,11,4,3.5,2.5,3.3,3.1666666666666665,0.577350269193804
946,2021-12-31,3.8,2021,12,4,2.5,3.5,3.2,3.266666666666667,0.6806859285589433
947,2022-01-31,3.9,2022,1,1,3.8,3.5,3.0,3.4,0.7810249675937436
948,2022-02-28,4.7,2022,2,1,3.9,2.5,2.5,4.133333333333334,0.4932882862364476
949,2022-03-31,6.7,2022,3,1,4.7,3.8,3.5,5.1000000000000005,1.4422205101872225
950,2022-04-30,6.0,2022,4,2,6.7,3.9,3.5,5.800000000000001,1.0148891565115101
951,2022-05-31,5.1,2022,5,2,6.0,4.7,2.5,5.933333333333334,0.8020806277039542
952,2022-06-30,5.3,2022,6,2,5.1,6.7,3.8,5.466666666666666,0.47258156263019857
953,2022-07-31,7.4,2022,7,3,5.3,6.0,3.9,5.933333333333334,1.2741009902429123
954,2022-08-31,7.0,2022,8,3,7.4,5.1,4.7,6.566666666666666,1.1150485789139086
955,2022-09-30,6.2,2022,9,3,7.0,5.3,6.7,6.866666666666667,0.6110100926645212
956,2022-10-31,6.3,2022,10,4,6.2,7.4,6.0,6.5,0.4358898943593406
957,2022-11-30,4.9,2022,11,4,6.3,7.0,5.1,5.8,0.7810249675936367
958,2022-12-31,5.1,2022,12,4,4.9,6.2,5.3,5.433333333333334,0.7571877794431165
959,2023-01-31,6.0,2023,1,1,5.1,6.3,7.4,5.333333333333333,0.585946527712217
960,2023-02-28,6.6,2023,2,1,6.0,4.9,7.0,5.8999999999999995,0.7549834435301447
961,2023-03-31,7.7,2023,3,1,6.6,5.1,6.2,6.766666666666667,0.8621678104278279
962,2023-04-30,8.4,2023,4,2,7.7,6.0,6.3,7.566666666666666,0.9073771725902446
963,2023-05-31,7.8,2023,5,2,8.4,6.6,4.9,7.966666666666668,0.37859388972597224
964,2023-06-30,6.0,2023,6,2,7.8,7.7,5.1,7.3999999999999995,1.248999599681498
965,2023-07-31,6.3,2023,7,3,6.0,8.4,6.0,6.7,0.9643650761016718
966,2023-08-31,12.4,2023,8,3,6.3,7.8,6.6,8.233333333333333,3.6115555282091156
967,2023-09-30,12.7,2023,9,3,12.4,6.0,7.7,10.466666666666667,3.611555528209097
968,2023-10-31,8.3,2023,10,4,12.7,6.3,8.4,11.133333333333335,2.45831920899985
969,2023-11-30,12.8,2023,11,4,8.3,12.4,7.8,11.266666666666666,2.5696951829619095
970,2023-12-31,25.5,2023,12,4,12.8,12.7,6.0,15.533333333333333,8.919828099988104
971,2024-01-31,20.6,2024,1,1,25.5,8.3,6.3,19.633333333333333,6.404946005497406
972,2024-02-29,13.2,2024,2,1,20.6,12.8,12.4,19.766666666666666,6.192199393861375
973,2024-03-31,11.0,2024,3,1,13.2,25.5,12.7,14.933333333333332,5.029247790011687
974,2024-04-30,8.8,2024,4,2,11.0,20.6,8.3,11.0,2.200000000000977
975,2024-05-31,4.2,2024,5,2,8.8,13.2,12.8,8.0,3.4698703145801373
976,2024-06-30,4.6,2024,6,2,4.2,11.0,25.5,5.866666666666667,2.5482019804830833
977,2024-07-31,4.0,2024,7,3,4.6,8.8,20.6,4.266666666666667,0.30550504633800574
978,2024-08-31,4.2,2024,8,3,4.0,4.2,13.2,4.266666666666667,0.30550504633800574
979,2024-09-30,3.5,2024,9,3,4.2,4.6,11.0,3.9,0.3605551275528784
980,2024-10-31,2.7,2024,10,4,3.5,4.0,8.8,3.466666666666667,0.7505553499496407
981,2024-11-30,2.3,2024,11,4,2.7,4.2,4.2,2.8333333333333335,0.6110100926646465
